2025-11-09 01:43:40,1,True,True,-0.6421915418991944,0.0,-119.02679483071041
2025-11-09 01:43:41,1,True,True,0.0,0.0,2.9870746704111752
2025-11-09 01:43:41,1,True,True,-0.6421915418991944,-0.13353237253542716,0.0
2025-11-09 01:43:41,1,True,True,0.0,0.0,0.0
2025-11-09 01:43:41,1,True,True,0.0,0.34952359951540757,2.5040186983603405
2025-11-09 01:43:42,1,True,True,0.0,0.0,2.9870746704111752
2025-11-09 01:43:42,1,True,True,-0.6421915418991944,0.0,0.0
2025-11-09 01:43:42,1,True,True,0.0,0.0,2.9870746704111752
2025-11-09 01:43:43,1,True,True,-2.6375510708957677,0.34952359951540757,0.0
2025-11-09 01:43:43,1,True,True,0.0,0.0,2.8770719609830735
2025-11-09 01:43:44,1,True,True,0.0,0.34952359951540757,-0.13353237253542716
2025-11-09 01:43:44,1,True,True,0.0,-0.9762205503387804,3.764904686009075
2025-11-09 01:43:46,1,True,True,0.0,0.6075507731409289,-20.971947292507465
2025-11-09 01:43:47,1,True,True,0.0,-3.308680939688287,33.686606267856504
2025-11-09 01:43:48,1,True,True,-2.6375510708957677,3.903618863769111,-31.031470490833016
2025-11-09 01:43:48,1,True,True,0.0,-2.842290630583406,16.924489807518185
2025-11-09 01:43:49,1,True,True,-2.6375510708957677,0.8345933703518966,-21.492623742575333
2025-11-09 01:43:49,1,True,True,-2.6375510708957677,-4.932098512453479,24.061418587317675
2025-11-09 01:43:49,1,True,True,-2.6375510708957677,5.586390432284304,-11.876588716793094
2025-11-09 01:43:50,1,True,True,0.0,-9.04840861068611,14.136148715827588
2025-11-09 01:43:50,1,True,True,0.0,2.2541556996576873,-12.772497587340354
2025-11-09 01:43:50,1,True,True,0.0,-0.6808971848663106,13.421071196985324
2025-11-09 01:43:50,1,True,True,-2.6375510708957677,2.0467973475346497,-5.652096893430652
2025-11-09 01:43:50,1,True,True,0.0,-0.6808971848663106,9.153481930296905
2025-11-09 01:43:51,1,True,True,0.0,1.092664129264591,-6.149250433235991
2025-11-09 01:43:51,1,True,True,-2.6375510708957677,-6.06912971105352,14.240693715499262
2025-11-09 01:43:51,1,True,True,-2.6375510708957677,-0.1225683630509451,-3.4315786401577526
2025-11-09 01:43:51,1,True,True,0.0,-0.028286193978360075,10.857543061779282
2025-11-09 01:43:51,1,True,True,0.0,2.683666510122876,-5.175984426297674
2025-11-09 01:43:52,1,True,True,-0.6421915418991944,-3.569308188268579,5.902516950044941
2025-11-09 01:43:52,1,True,True,-2.6375510708957677,0.26455717166305703,-2.464159243796928
2025-11-09 01:43:52,1,True,True,-2.6375510708957677,-3.238306942954736,9.06255962708137
2025-11-09 01:43:52,1,True,True,0.0,3.656834331899873,-7.44754101485799
2025-11-09 01:43:53,1,True,True,0.0,-5.695563133137654,3.1117859663844314
2025-11-09 01:43:53,1,True,True,-2.6375510708957677,-1.280452062493211,-3.4190153228663434
2025-11-09 01:43:53,1,True,True,-2.6375510708957677,-8.013976958789911,-1.576365616862546
2025-11-09 01:43:53,1,True,True,-0.6421915418991944,-0.5119094062632001,-9.113244916564199
2025-11-09 01:43:54,1,True,True,-2.6375510708957677,-6.253871611367899,2.2651448700028283
2025-11-09 01:43:56,1,True,True,-0.6421915418991944,2.1058448068083635,-13.45107545451512
2025-11-09 01:43:56,1,True,True,0.0,-0.5537661469187327,4.381350215176923
2025-11-09 01:43:56,1,True,True,-0.6421915418991944,-0.5537661469187327,-0.5537661469187327
2025-11-09 01:43:57,1,True,True,-0.6421915418991944,-0.7403833389048202,0.08842539498046165
2025-11-09 01:43:57,1,True,True,-0.6421915418991944,-0.5537661469187327,-0.09819179700562586
2025-11-09 01:43:57,1,True,True,-0.6421915418991944,-0.7403833389048202,1.8971677319909475
2025-11-09 01:43:57,1,True,True,-2.6375510708957677,-0.7194702910701238,-0.09819179700562586
2025-11-09 01:43:57,1,True,True,-0.6421915418991944,-1.3524727836240515,3.7684370898406883
2025-11-09 01:43:57,1,True,True,-2.2465289778384943,5.636517290489877,-0.7102812417248572
2025-11-09 01:43:58,1,True,True,-2.6375510708957677,-8.288993923028656,28.65990844093828
2025-11-09 01:43:58,1,True,True,-2.6375510708957677,-1.9737569707140636,-5.651442852132888
2025-11-09 01:43:58,1,True,True,-0.6421915418991944,-6.628919520482043,27.085877852336196
2025-11-09 01:43:58,1,True,True,0.0,3.31899611285219,-12.312580808105196
2025-11-09 01:43:58,1,True,True,-2.6375510708957677,-3.945973452759688,29.631881983819696
2025-11-09 01:43:59,1,True,True,-2.6375510708957677,2.516623641714901,-19.406366081676282
2025-11-09 01:43:59,1,True,True,0.5320620049393199,-4.514199299687235,30.874846222869664
2025-11-09 01:43:59,1,True,True,-1.7382415230851507,15.513144896236852,-18.644326630951213
2025-11-09 01:43:59,1,True,True,0.7634926287308019,-7.810607308675472,26.79050969629317
2025-11-09 01:43:59,1,True,True,0.7634926287308019,3.226794630434526,-24.891658498276584
2025-11-09 01:44:00,1,True,True,-2.6375510708957677,-6.346337673622315,27.718911525528327
2025-11-09 01:44:00,1,True,True,0.7634926287308019,2.1503626150830684,-20.603421354875508
2025-11-09 01:44:02,1,True,True,0.7634926287308019,0.24695029001907187,45.203609951823054
2025-11-09 01:44:02,1,True,True,-2.6375510708957677,0.4314391164695195,2.8845013609148396
2025-11-09 01:44:02,1,True,True,0.7634926287308019,0.24695029001907187,2.8845013609148396
2025-11-09 01:44:02,1,True,True,-2.6375510708957677,0.24695029001907187,-0.51654233871173
2025-11-09 01:44:04,1,True,True,-0.6421915418991944,-5.2740425904781745,59.75149705799886
2025-11-09 01:44:05,1,True,True,0.8318741781659185,7.7114605472418845,-40.014735408131955
2025-11-09 01:44:05,1,True,True,0.7634926287308019,-1.5210536248126658,40.37732582796478
2025-11-09 01:44:06,1,True,True,-2.6375510708957677,8.301790342242398,-40.84859567893203
2025-11-09 01:44:06,1,True,True,0.7634926287308019,-3.713127104867283,46.35010974729205
2025-11-09 01:44:06,1,True,True,-0.6421915418991944,12.064434790015909,-41.926361680162415
2025-11-09 01:44:07,1,True,True,0.7634926287308019,-14.468389613642188,35.185274457496334
2025-11-09 01:44:07,1,True,True,0.7634926287308019,17.920105751419655,-26.852396580805333
2025-11-09 01:44:07,1,True,True,0.7634926287308019,-15.294052984053394,38.31539784502003
2025-11-09 01:44:07,1,True,True,-0.6421915418991944,10.301248380433393,-15.552266777019327
2025-11-09 01:44:07,1,True,True,0.7634926287308019,-3.5794993602260803,39.34121066054122
2025-11-09 01:44:08,1,True,True,-1.7382415230851507,6.605302942889679,-21.519190141495486
2025-11-09 01:44:08,1,True,True,0.7634926287308019,-15.513445823466853,37.540663870989746
2025-11-09 01:44:08,1,True,True,-0.6421915418991944,16.854135855218303,-23.121001153131147
2025-11-09 01:44:08,1,True,True,0.7634926287308019,-5.430549445313119,41.89936630501397
2025-11-09 01:44:08,1,True,True,-0.6421915418991944,14.051178385662112,-18.834757210218427
2025-11-09 01:44:09,1,True,True,0.7634926287308019,-2.838100153392503,41.26451124285022
2025-11-09 01:44:09,1,True,True,0.7634926287308019,18.78808106937892,-18.296881993910276
2025-11-09 01:44:09,1,True,True,-2.6375510708957677,-10.685175022077857,48.48971618182257
2025-11-09 01:44:09,1,True,True,0.7634926287308019,6.067079201410735,-7.396266876134078
2025-11-09 01:44:10,1,True,True,0.7634926287308019,-8.081703996420217,42.77138792418022
2025-11-09 01:44:10,1,True,True,0.7634926287308019,4.542223671827131,-19.829956091473647
2025-11-09 01:44:10,1,True,True,-2.6375510708957677,-4.357161732235525,32.55173122794763
2025-11-09 01:44:10,1,True,True,0.7634926287308019,15.537367190920733,-15.236154110555603
2025-11-09 01:44:11,1,True,True,0.5174907097190271,-18.70806804284365,39.58357169860092
2025-11-09 01:44:11,1,True,True,0.7634926287308019,37.35807050018782,-17.390392843810645
2025-11-09 01:44:11,1,True,True,0.7634926287308019,-10.605347892513834,30.503405202514912
2025-11-09 01:44:11,1,True,True,0.7634926287308019,36.71621222640586,13.332425250800426
2025-11-09 01:44:11,1,True,True,-0.6421915418991944,-8.392240811279905,41.195816621950044
2025-11-09 01:44:11,1,True,True,-1.7382415230851507,11.180424950324394,-0.17289881826398812
2025-11-09 01:44:11,1,True,True,-0.6421915418991944,-10.087619393555528,44.85210024304813
2025-11-09 01:44:12,1,True,True,0.7634926287308019,3.4495368439518046,-9.445427851656333
2025-11-09 01:44:12,1,True,True,0.7634926287308019,-8.72914913496571,33.8265278051325
2025-11-09 01:44:12,1,True,True,-2.6375510708957677,3.8867060527833956,-17.20860937318149
2025-11-09 01:44:12,1,True,True,-2.6375510708957677,-11.804592070429976,30.405783364340195
2025-11-09 01:44:12,1,True,True,-2.6375510708957677,1.1211773233218452,-9.643413565466673
2025-11-09 01:44:12,1,True,True,0.7634926287308019,-9.215686273549025,27.432808695532017
2025-11-09 01:44:13,1,True,True,-0.6421915418991944,40.399167262401946,8.495001537126939
2025-11-09 01:44:13,1,True,True,-2.6375510708957677,-6.286174937563047,41.04135880430114
2025-11-09 01:44:13,1,True,True,-0.6421915418991944,40.84962949183502,33.67447521615823
2025-11-09 01:44:13,1,True,True,-2.6375510708957677,-2.8304743671347126,38.93511959388853
2025-11-09 01:44:13,1,True,True,-2.6375510708957677,30.05159200976466,13.399992856081226
2025-11-09 01:44:14,1,True,True,0.7634926287308019,-1.9469187747615564,43.4051858522531
2025-11-09 01:44:14,1,True,True,-0.6421915418991944,29.012774928208373,-2.7104114034923583
2025-11-09 01:44:14,1,True,True,0.7634926287308019,-0.30093358355564703,41.79666527663143
2025-11-09 01:44:14,1,True,True,0.8688619404764211,1.4200345840608861,-7.3405675329527895
2025-11-09 01:44:15,1,True,True,0.7634926287308019,-2.6400946351372028,3.493271183925444
2025-11-09 01:44:15,1,True,True,-1.4843331592711593,1.4159612613610335,-1.2414832917604315
2025-11-09 01:44:16,1,True,True,-1.4843331592711593,-12.388480638509336,53.86271075604925
2025-11-09 01:44:16,1,True,True,-1.4843331592711593,44.58119675975773,7.829275572533078
2025-11-09 01:44:16,1,True,True,-1.1128029863595543,-1.4367368387129602,57.40001117606961
2025-11-09 01:44:16,1,True,True,-1.1128029863595543,41.58042429134959,-0.3239338523534059
2025-11-09 01:44:16,1,True,True,-1.4843331592711593,-7.249261996827542,53.8667974694056
2025-11-09 01:44:16,1,True,True,0.8688619404764211,36.069168804545015,2.3557460026057555
2025-11-09 01:44:16,1,True,True,-1.1128029863595543,-13.821374264515796,37.03495063522762
2025-11-09 01:44:16,1,True,True,-1.1128029863595543,36.73511788345435,16.334444238082952
2025-11-09 01:44:17,1,True,True,-1.1128029863595543,-17.711068546021522,30.40600253293333
2025-11-09 01:44:17,1,True,True,-1.1128029863595543,28.96520945311387,-4.131001864585457
2025-11-09 01:44:17,1,True,True,-1.1128029863595543,-15.453157831898821,33.411532241320955
2025-11-09 01:44:17,1,True,True,-1.1128029863595543,29.524698175664653,-14.340354845539267
2025-11-09 01:44:17,1,True,True,-1.1128029863595543,-15.057518742486963,30.637501162024208
2025-11-09 01:44:17,1,True,True,-1.1128029863595543,27.128938302457087,-13.944715756127408
2025-11-09 01:44:17,1,True,True,-1.1128029863595543,-2.1698244697822275,27.941047642289263
2025-11-09 01:44:17,1,True,True,-1.1128029863595543,18.872874523137696,-18.52201209230101
2025-11-09 01:44:18,1,True,True,-1.1128029863595543,-11.646080518918879,19.98567750949725
2025-11-09 01:44:18,1,True,True,-1.1128029863595543,1.2049431662840533,9.880543567358714
2025-11-09 01:44:18,1,True,True,-1.1128029863595543,-6.514010707351872,18.78434241541872
2025-11-09 01:44:18,1,True,True,-1.1128029863595543,19.084446012888137,-22.998832712016082
2025-11-09 01:44:18,1,True,True,-1.1128029863595543,-17.916929459525278,4.778497312208273
2025-11-09 01:44:18,1,True,True,-1.1128029863595543,17.68287614412715,7.999801462343797
2025-11-09 01:44:19,1,True,True,-1.1128029863595543,-12.040841763053706,-10.41000545797651
2025-11-09 01:44:19,1,True,True,-1.1128029863595543,10.270599325850796,0.6200953529391455
2025-11-09 01:44:26,1,True,True,2.0411911497816106,1.3551665148566343,62.96762246684828
2025-11-09 01:44:26,1,True,True,-1.1128029863595543,1.3551665148566343,-0.6860246349249763
2025-11-09 01:44:27,1,True,True,-1.1128029863595543,-1.5568768713942802,6.508373356128331
2025-11-09 01:44:27,1,True,True,-1.1128029863595543,1.4030249740336558,-0.4440738850347259
2025-11-09 01:44:27,1,True,True,-1.1128029863595543,-3.307057072422481,27.45769434670278
2025-11-09 01:44:28,1,True,True,-1.1128029863595543,8.676103797750514,-2.955108489727337
2025-11-09 01:44:28,1,True,True,-1.1128029863595543,-5.668881037824434,24.28326522782028
2025-11-09 01:44:28,1,True,True,-1.1128029863595543,3.7867524920723383,19.649138643958267
2025-11-09 01:44:30,1,True,True,2.0411911497816106,1.1378262938704466,40.675725797595035
2025-11-09 01:44:30,1,True,True,2.0411911497816106,31.36183275224782,15.602490471450167
2025-11-09 01:44:30,1,True,True,2.0411911497816106,0.28276658384315567,30.170896606413706
2025-11-09 01:44:30,1,True,True,2.0411911497816106,22.198300869880754,2.383038363991645
2025-11-09 01:44:30,1,True,True,2.0411911497816106,-3.1125932895959068,29.62092544278765
2025-11-09 01:44:30,1,True,True,2.0411911497816106,27.853087022853018,9.302560851107742
2025-11-09 01:44:30,1,True,True,2.0411911497816106,-8.225663305396623,26.397728909169004
2025-11-09 01:44:30,1,True,True,2.0411911497816106,10.999785910151118,-12.577541982040103
2025-11-09 01:44:31,1,True,True,2.0411911497816106,-8.688813628243679,19.64699982446838
2025-11-09 01:44:31,1,True,True,2.0411911497816106,16.031909196059942,8.56990813948461
2025-11-09 01:44:31,1,True,True,2.0411911497816106,-13.782767093549808,-0.35819745095173516
2025-11-09 01:44:31,1,True,True,2.0411911497816106,14.440295703412644,-15.823958243331418
2025-11-09 01:44:31,1,True,True,2.0411911497816106,-10.907140431114456,7.90507546445626
2025-11-09 01:44:31,1,True,True,2.6302181748272346,15.529220662970161,-27.12106017868237
2025-11-09 01:44:32,1,True,True,2.5704079955127668,-14.844220166901323,2.7739482408818503
2025-11-09 01:44:32,1,True,True,1.4384976734671682,12.277476340993005,-12.95650802869153
2025-11-09 01:44:32,1,True,True,2.5704079955127668,-7.080216013279809,18.02879129065066
2025-11-09 01:44:32,1,True,True,1.4384976734671682,21.005117837752877,10.429849947391276
2025-11-09 01:44:32,1,True,True,2.5704079955127668,-13.503167923841374,12.875906280975428
2025-11-09 01:44:32,1,True,True,2.5704079955127668,27.10869818018857,-5.255409816397858
2025-11-09 01:44:32,1,True,True,1.4384976734671682,0.31876537947825057,11.677642800197717
2025-11-09 01:44:33,1,True,True,2.5704079955127668,22.402036196900198,6.9282806324246025
2025-11-09 01:44:33,1,True,True,2.5704079955127668,-2.2077229032863954,19.83162820138743
2025-11-09 01:44:33,1,True,True,2.5704079955127668,18.196507237891055,26.255478286857723
2025-11-09 01:44:33,1,True,True,0.2985517451149633,-4.142558951034772,27.156368254473833
2025-11-09 01:44:33,1,True,True,0.2985517451149633,33.66126692083024,15.118593017897766
2025-11-09 01:44:33,1,True,True,0.2985517451149633,-3.6648691590133495,28.880988733573943
2025-11-09 01:44:33,1,True,True,0.2985517451149633,35.46402946731983,8.899948934416713
2025-11-09 01:44:34,1,True,True,0.2985517451149633,-5.9023877604955715,20.071263906276428
2025-11-09 01:44:34,1,True,True,0.2985517451149633,16.717681727241384,4.228328583219337
2025-11-09 01:44:34,1,True,True,0.2985517451149633,-1.3698878085357933,19.26943350316519
2025-11-09 01:44:34,1,True,True,0.2985517451149633,32.25738150856985,0.8802351256767338
2025-11-09 01:44:34,1,True,True,0.2985517451149633,-0.2079146309959583,29.29482008024395
2025-11-09 01:44:34,1,True,True,0.2985517451149633,34.43227970993813,29.82367342104739
2025-11-09 01:44:35,1,True,True,0.2985517451149633,-4.273699419295198,46.172925925030555
2025-11-09 01:44:35,1,True,True,0.2985517451149633,47.14017510132085,-4.5722511644101616
2025-11-09 01:44:44,1,True,True,0.2985517451149633,-1.8654789786376256,46.841623356205886
2025-11-09 01:44:44,1,True,True,0.2985517451149633,2.6501948778227558,-2.567327457077539
2025-11-09 01:44:45,1,True,True,0.2985517451149633,-6.781420607854784,8.324390914212714
2025-11-09 01:44:46,1,True,True,0.2985517451149633,1.9687484355173979,-36.55823688548479
2025-11-09 01:44:47,1,True,True,0.2985517451149633,-1.2967963029019387,6.217319664652308
2025-11-09 01:44:47,1,True,True,0.2985517451149633,3.7386687589638683,-23.08670194333142
2025-11-09 01:44:47,1,True,True,0.2985517451149633,-6.192880157268291,3.2901750645889223
2025-11-09 01:44:47,1,True,True,0.2985517451149633,0.8929819112531305,-13.483337543433223
2025-11-09 01:44:48,1,True,True,0.2985517451149633,-9.692250654463209,0.5944301661381672
2025-11-09 01:44:48,1,True,True,0.2985517451149633,10.861032714134737,-42.430896020451485
2025-11-09 01:44:48,1,True,True,0.2985517451149633,-33.32897300460863,8.21475032128653
2025-11-09 01:44:48,1,True,True,0.2985517451149633,7.069794812655644,-33.62752474972359
2025-11-09 01:44:48,1,True,True,0.2985517451149633,-22.798591138584328,-13.309529112885613
2025-11-09 01:44:48,1,True,True,0.2985517451149633,7.234713023110288,8.462364984610886
2025-11-09 01:44:48,1,True,True,0.2985517451149633,-1.2637049459331564,6.936161277995325
2025-11-09 01:44:49,1,True,True,0.2985517451149633,6.21363171373423,-12.273811706822713
2025-11-09 01:44:49,1,True,True,0.2985517451149633,-30.514493454667786,22.92977748607693
2025-11-09 01:44:49,1,True,True,0.2985517451149633,23.856539865825212,-30.81304519978275
2025-11-09 01:44:49,1,True,True,0.2985517451149633,-10.819452536889514,16.68895512652513
2025-11-09 01:44:49,1,True,True,0.2985517451149633,11.345327880586595,-16.513581092822506
2025-11-09 01:44:49,1,True,True,0.2985517451149633,-13.470352946231216,29.784403181574405
2025-11-09 01:44:49,1,True,True,0.2985517451149633,38.89341978983133,-19.564590963595236
2025-11-09 01:44:50,1,True,True,0.2985517451149633,-15.699898964580726,38.594868044716364
2025-11-09 01:44:50,1,True,True,0.2985517451149633,17.10969424168529,19.85796415845506
2025-11-09 01:44:50,1,True,True,0.2985517451149633,-18.895354972732832,-22.435894556770364
2025-11-09 01:44:50,1,True,True,0.2985517451149633,49.03007173656984,-19.193906717847796
2025-11-09 01:44:50,1,True,True,0.6760089027669096,-25.868964413315055,47.37264539643762
2025-11-09 01:44:50,1,True,True,0.6760089027669096,55.60384179915103,-24.67037941073245
2025-11-09 01:44:50,1,True,True,0.6760089027669096,-31.38969511556074,54.92783289638412
2025-11-09 01:44:50,1,True,True,3.8454602747876834,7.692505509985693,17.385170623892108
2025-11-09 01:44:51,1,True,True,3.8454602747876834,-30.03907620499291,49.84903819737043
2025-11-09 01:44:51,1,True,True,3.8454602747876834,63.711060827124285,-33.88453647978059
2025-11-09 01:44:51,1,True,True,1.2770651470998757,-0.43344692282566655,48.9764290140168
2025-11-09 01:44:51,1,True,True,1.2770651470998757,36.46555144125317,57.38108352393708
2025-11-09 01:44:52,1,True,True,5.5586158265644485,0.662673464794068,54.984162112908606
2025-11-09 01:44:52,1,True,True,5.5586158265644485,52.23209488382973,-8.713859713256838
2025-11-09 01:44:52,1,True,True,5.5586158265644485,-27.180241217573936,70.75285036748146
2025-11-09 01:44:52,1,True,True,5.5586158265644485,52.47059045823211,-32.738857044138385
2025-11-09 01:44:52,1,True,True,2.3254341239642713,-48.50232731820343,47.123989395108865
2025-11-09 01:44:52,1,True,True,5.5586158265644485,55.43015997333221,-32.487107982015516
2025-11-09 01:44:52,1,True,True,5.5586158265644485,4.581587393472631,46.47629071276121
2025-11-09 01:44:52,1,True,True,5.5586158265644485,8.495955193248179,-0.5945375116467062
2025-11-09 01:44:53,1,True,True,3.605343328906514,1.6531140972608824,3.1402898051733388
2025-11-09 01:44:53,1,True,True,2.4044761262054806,2.6309928770554336,-1.486248524422976
2025-11-09 01:44:53,1,True,True,2.4044761262054806,0.9661287557686364,0.22651675084995304
2025-11-09 01:44:53,1,True,True,2.4044761262054806,2.4368901045639433,-3.9115483436295477
2025-11-09 01:44:53,1,True,True,6.348438448193491,2.4368901045639433,0.032413978358462714
2025-11-09 01:44:53,1,True,True,2.4044761262054806,2.4368901045639433,0.032413978358462714
2025-11-09 01:44:53,1,True,True,3.605343328906514,2.4368901045639433,0.032413978358462714
2025-11-09 01:44:54,1,True,True,0.6760089027669096,2.4368901045639433,-3.9115483436295477
2025-11-09 01:44:54,1,True,True,3.8454602747876834,2.4368901045639433,-1.40857017022374
2025-11-09 01:44:54,1,True,True,0.6760089027669096,2.4368901045639433,-1.40857017022374
2025-11-09 01:44:54,1,True,True,2.9167306942363496,2.4368901045639433,2.114023912852545
2025-11-09 01:44:55,1,True,True,0.6760089027669096,2.4368901045639433,-1.40857017022374
2025-11-09 01:44:55,1,True,True,2.9167306942363496,2.4368901045639433,-0.4798405896724063
2025-11-09 01:44:55,1,True,True,2.4044761262054806,2.4368901045639433,-0.4798405896724063
2025-11-09 01:44:55,1,True,True,3.8454602747876834,2.4368901045639433,0.032413978358462714
2025-11-09 01:44:56,1,True,True,2.4044761262054806,2.4368901045639433,-3.9115483436295477
2025-11-09 01:44:56,1,True,True,6.348438448193491,2.4368901045639433,0.032413978358462714
2025-11-09 01:44:56,1,True,True,2.4044761262054806,2.4368901045639433,-1.40857017022374
2025-11-09 01:44:56,1,True,True,3.8454602747876834,2.4368901045639433,-0.4798405896724063
2025-11-09 01:44:56,1,True,True,2.4044761262054806,2.4368901045639433,-3.9115483436295477
2025-11-09 01:44:56,1,True,True,3.8454602747876834,2.029136787498345,0.032413978358462714
2025-11-09 01:44:58,1,True,True,2.4044761262054806,2.4368901045639433,-3.9115483436295477
2025-11-09 01:44:58,1,True,True,3.292830205222998,2.029136787498345,0.032413978358462714
2025-11-09 01:44:58,1,True,True,3.8454602747876834,6.5763384266591345,-4.336853088560659
2025-11-09 01:44:58,1,True,True,6.348438448193491,3.474279582228121,4.066088918695186
2025-11-09 01:44:58,1,True,True,2.4044761262054806,3.0272814582948797,-3.3211569898986113
2025-11-09 01:44:59,1,True,True,6.348438448193491,3.656834331899873,0.6228053320893991
2025-11-09 01:44:59,1,True,True,2.4044761262054806,3.656834331899873,-2.691604116293618
2025-11-09 01:44:59,1,True,True,3.8454602747876834,3.656834331899873,1.2523582056943923
2025-11-09 01:44:59,1,True,True,3.292830205222998,3.656834331899873,-0.18862594288781054
2025-11-09 01:45:00,1,True,True,6.348438448193491,4.065182606787886,0.4598392778813718
2025-11-09 01:45:00,1,True,True,3.605343328906514,3.656834331899873,-2.691604116293618
2025-11-09 01:45:00,1,True,True,6.348438448193491,0.2671912792832245,1.9607818877382641
2025-11-09 01:45:01,1,True,True,3.605343328906514,5.247985839106377,-7.855880335802524
2025-11-09 01:45:02,1,True,True,3.605343328906514,2.8349526438229873,2.0757919151128448
2025-11-09 01:45:02,1,True,True,2.82548372759652,2.9644668165733776,-7.408453774316882
2025-11-09 01:45:02,1,True,True,3.8454602747876834,2.1058448068083635,0.13898308897685752
2025-11-09 01:45:08,1,True,True,0.9495302148924907,1.1891502571324821,-13.491691593933794
2025-11-09 01:45:08,1,True,True,2.9857327589083127,-3.828239918752942,0.23962004223999145
2025-11-09 01:45:23,1,True,True,3.605343328906514,3.7076790752634707,-50.077997656705534
2025-11-09 01:45:23,1,True,True,3.605343328906514,3.1882626657274074,0.10233574635695675
2025-11-09 01:45:23,1,True,True,0.9343133383352153,3.58127761718508,-2.7175329642377335
2025-11-09 01:45:23,1,True,True,1.2770651470998757,1.068755771763776,1.7919877652480949
2025-11-09 01:45:24,1,True,True,0.048808595391165,1.0247695472672262,-4.465906955636655
2025-11-09 01:45:24,1,True,True,3.8454602747876834,0.6824057700997628,0.9759609518760612
2025-11-09 01:45:25,1,True,True,0.9495302148924907,1.5601486048948914,-5.666032678093728
2025-11-09 01:45:25,1,True,True,3.4729431226677434,1.300774110503383,0.28308345779501565
2025-11-09 01:45:33,1,True,True,0.9495302148924907,1.0911220039929503,-6.241538584714206
2025-11-09 01:45:34,1,True,True,0.9343133383352153,-4.915132725524984,30.836035819744367
2025-11-09 01:45:39,1,True,True,1.2770651470998757,6.214525557209299,-72.25413354875951
2025-11-09 01:45:39,1,True,True,1.2770651470998757,-9.832450984240666,2.0547410601778466
2025-11-09 01:45:40,1,True,True,0.9495302148924907,15.027848054929606,-94.9507153601215
2025-11-09 01:45:41,1,True,True,3.4729431226677434,-10.980005241996537,22.346212172711702
2025-11-09 01:45:41,1,True,True,6.348438448193491,15.025368971269373,-67.28817206387868
2025-11-09 01:45:41,1,True,True,3.8454602747876834,-0.9931296429578822,29.25681343145955
2025-11-09 01:45:42,1,True,True,3.8454602747876834,18.317211804678706,-80.21177108597142
2025-11-09 01:45:42,1,True,True,1.2770651470998757,-34.36959686269404,25.88056084848934
2025-11-09 01:45:42,1,True,True,0.9495302148924907,19.672411658063808,-85.60977495534584
2025-11-09 01:45:43,1,True,True,1.2770651470998757,-9.677582560481795,47.335592522351746
2025-11-09 01:45:43,1,True,True,1.2770651470998757,27.496514501149264,-128.7313266702463
2025-11-09 01:45:44,1,True,True,0.9343133383352153,-5.020104727883734,38.1959917003404
2025-11-09 01:45:44,1,True,True,0.9343133383352153,22.621215302715328,-151.31347921097165
2025-11-09 01:45:45,1,True,True,1.2770651470998757,-12.477326840287887,64.76017081611313
2025-11-09 01:45:46,1,True,True,3.4378408966013296,7.442076374131432,-182.10387980239017
2025-11-09 01:45:47,1,True,True,3.4729431226677434,-26.29139208019106,61.041592571568074
2025-11-09 01:45:49,1,True,True,3.4729431226677434,3.683426677577586,-73.82793642756702
2025-11-09 01:45:49,1,True,True,2.9857327589083127,2.7667433320801678,3.369418566070962
2025-11-09 01:45:49,1,True,True,2.9857327589083127,4.3037319044061775,0.17159785261243599
2025-11-09 01:45:49,1,True,True,3.605343328906514,2.7831674990026727,3.965175305939482
2025-11-09 01:45:49,1,True,True,0.9343133383352153,1.2248888126472224,-1.7396708715219233
2025-11-09 01:45:49,1,True,True,3.8454602747876834,0.025353850761078434,0.011020467876875273
2025-11-09 01:45:58,1,True,True,3.4729431226677434,5.8278647205408305,-341.09075536753255
2025-11-09 01:46:03,1,True,True,0.9343133383352153,-8.57424046950996,216.59062478452668
2025-11-09 01:46:06,1,True,True,0.9343133383352153,12.330717010285852,-161.51748848196436
2025-11-09 01:46:07,1,True,True,0.9495302148924907,-9.440454648789725,70.42385334904678
2025-11-09 01:46:07,1,True,True,3.4729431226677434,40.18332825578635,-58.58375271350357
2025-11-09 01:46:08,1,True,True,1.2770651470998757,-10.424396807873421,62.84483211438244
2025-11-09 01:46:08,1,True,True,0.9343133383352153,11.355819719900396,-24.311931692287658
2025-11-09 01:46:08,1,True,True,3.4729431226677434,-12.218744501654868,48.11248858365094
2025-11-09 01:46:19,1,True,True,1.2770651470998757,2.916526868487452,-110.9680308627319
2025-11-09 01:46:20,1,True,True,3.4729431226677434,-9.893547293216585,49.64491575479961
2025-11-09 01:46:21,1,True,True,0.9343133383352153,12.344899800315645,-143.86754965454384
2025-11-09 01:46:22,1,True,True,1.2770651470998757,-3.6430966926072585,34.979994979831005
2025-11-09 01:46:38,1,True,True,0.9343133383352153,4.166189469200759,-108.73549497604998
2025-11-09 01:46:38,1,True,True,1.2770651470998757,-4.661351167733429,49.859464423847626
2025-11-09 01:46:39,1,True,True,3.8454602747876834,5.477668382176958,-52.72027740635441
2025-11-09 01:46:39,1,True,True,3.4729431226677434,-2.5152982578197225,23.654120568203624
2025-11-09 01:46:40,1,True,True,3.605343328906514,9.435568025599494,-54.32579355387276
2025-11-09 01:46:40,1,True,True,1.2770651470998757,-0.5611996332671367,17.202971898712704
2025-11-09 01:46:40,1,True,True,3.4378408966013296,4.192771656657271,-62.61028356592003
2025-11-09 01:46:41,1,True,True,3.605343328906514,-10.07115311091502,39.15641799897723
2025-11-09 01:46:41,1,True,True,0.9495302148924907,7.432856081195311,-68.76554094705946
2025-11-09 01:46:42,1,True,True,1.2770651470998757,-28.024795630673637,35.32861498630801
2025-11-09 01:49:03,1,True,True,-1.4843331592711593,-0.414896635358474,-360.32542821286484
2025-11-09 01:49:03,1,True,True,-1.4843331592711593,-2.139655345778266,0.49107897323810334
2025-11-09 01:49:03,1,True,True,-1.4843331592711593,-1.3363757715030005,-1.403747288818721
2025-11-09 01:49:26,1,True,True,-1.4843331592711593,-1.9628839460642524,21.500258381713294
2025-11-09 01:49:26,1,True,True,-1.4843331592711593,3.977546960550356,1.1264344271021685
2025-11-09 01:49:27,1,True,True,-1.4843331592711593,-3.4255326972288316,34.795405761392956
2025-11-09 01:49:28,1,True,True,-1.4843331592711593,-1.1069976998694102,-15.810020432170845
2025-11-09 01:49:28,1,True,True,-1.4843331592711593,-1.6160058551845538,25.71246977524136
2025-11-09 01:49:29,1,True,True,-1.4843331592711593,6.2421250031915605,-22.27037099626078
2025-11-09 01:49:33,1,True,True,-1.4843331592711593,-4.063407545454837,90.81429740205043
2025-11-09 01:49:42,1,True,True,-1.4843331592711593,-0.5646425813759635,-85.68340176627532
2025-11-09 01:49:43,1,True,True,-1.4843331592711593,-4.0290140109818395,28.39153005870041
2025-11-09 01:49:45,1,True,True,-1.4843331592711593,-1.4325884547766208,-4.452614228685505
2025-11-09 01:49:45,1,True,True,-1.1128029863595543,-1.311630206971543,7.099983315948236
2025-11-09 01:49:45,1,True,True,-1.4843331592711593,-1.311630206971543,-0.19882722061198876
2025-11-09 01:49:46,1,True,True,-1.4843331592711593,-1.78169409710776,0.17270295229961619
2025-11-09 01:49:46,1,True,True,-1.4843331592711593,-0.2257023534319842,-0.29736093783660067
2025-11-09 01:49:46,1,True,True,-1.4843331592711593,-6.369715723247936,51.0389467287297
2025-11-09 01:49:48,1,True,True,-1.4843331592711593,-0.9273507566773986,-16.277562327136295
2025-11-09 01:49:48,1,True,True,-1.4843331592711593,-14.628842499222273,59.385038013536544
2025-11-09 01:49:48,1,True,True,-1.4843331592711593,1.272750701447805,-39.340182371882875
2025-11-09 01:49:49,1,True,True,-1.4843331592711593,-11.933740537473184,16.220498602115967
2025-11-09 01:49:49,1,True,True,-1.4843331592711593,-0.700344537062378,-44.181780286900036
2025-11-09 01:49:49,1,True,True,-1.4843331592711593,-4.754651677963608,10.6625097390732
2025-11-09 01:49:49,1,True,True,-1.4843331592711593,4.587546859614804,-34.69255160645854
2025-11-09 01:49:49,1,True,True,-1.4843331592711593,-6.729790338643056,5.150426978662836
2025-11-09 01:49:50,1,True,True,-1.4843331592711593,2.766881388913575,-39.27554604205437
2025-11-09 01:49:50,1,True,True,-1.4843331592711593,-2.9895592010816188,4.251214548184734
2025-11-09 09:19:21,1,True,True,-0.8855162835549208,-0.01920625871512982,-129.32050523627277
2025-11-09 09:19:21,1,True,True,2.673544703975068,-0.01920625871512982,-0.01920625871512982
2025-11-09 09:19:21,1,True,True,0.0,0.5528541525343229,-2.1206905514407453
2025-11-09 09:19:21,1,True,True,0.0,-0.25474537084228643,0.5528541525343229
2025-11-09 09:19:21,1,True,True,-0.824384987776881,0.20682650810844905,-0.7629614173331873
2025-11-09 09:19:21,1,True,True,2.401345126789124,-0.01920625871512982,-0.01920625871512982
2025-11-09 09:19:26,1,True,True,-0.8855162835549208,0.5528541525343229,-2.1206905514407453
2025-11-09 09:19:26,1,True,True,0.0,0.0,-2.1206905514407453
2025-11-09 09:19:26,1,True,True,0.0,0.5528541525343229,-2.1206905514407453
2025-11-09 09:19:26,1,True,True,9.698231334044635,2.0312585418839433,-3.4314088712400093
2025-11-09 09:19:26,1,True,True,-0.8855162835549208,0.5528541525343229,-6.711393697574593
2025-11-09 09:19:27,1,True,True,0.0,-0.8455060292463514,0.5528541525343229
2025-11-09 09:19:27,1,True,True,0.0,0.5528541525343229,-3.5190507332214196
2025-11-09 09:19:27,1,True,True,0.0,-0.25474537084228643,0.5528541525343229
2025-11-09 09:19:28,1,True,True,-0.8855162835549208,0.0,-3.5190507332214196
2025-11-09 09:19:28,1,True,True,0.0,-0.25474537084228643,-0.8455060292463514
2025-11-09 09:19:28,1,True,True,-0.8855162835549208,0.0,-0.8455060292463514
2025-11-09 09:19:29,1,True,True,2.637238887930039,0.0,0.5528541525343229
2025-11-09 09:19:29,1,True,True,-0.8855162835549208,-0.25474537084228643,-0.8455060292463514
2025-11-09 09:19:29,1,True,True,0.0,-0.8455060292463514,0.040010254308569415
2025-11-09 09:19:29,1,True,True,0.0,0.5528541525343229,-2.673544703975068
2025-11-09 09:19:29,1,True,True,0.0,-0.01920625871512982,0.5528541525343229
2025-11-09 09:19:30,1,True,True,0.0,0.5528541525343229,0.0
2025-11-09 09:19:30,1,True,True,0.0,0.0,0.8855162835549208
2025-11-09 09:19:30,1,True,True,-0.8855162835549208,0.5528541525343229,0.0
2025-11-09 09:19:30,1,True,True,0.0,0.0,0.8855162835549208
2025-11-09 09:19:31,1,True,True,0.0,0.5528541525343229,-0.8455060292463514
2025-11-09 09:19:31,1,True,True,0.892532083070023,0.5528541525343229,-0.33967793053570006
2025-11-09 09:19:31,1,True,True,0.0,0.1912946007715135,-0.33967793053570006
2025-11-09 09:19:31,1,True,True,2.673544703975068,0.5153798706030983,0.5153798706030983
2025-11-09 09:19:31,1,True,True,0.0,0.5528541525343229,-3.064699338863363
2025-11-09 09:19:32,1,True,True,2.637238887930039,0.5528541525343229,0.5528541525343229
2025-11-09 09:19:33,1,True,True,7.093522181446218,9.057765523092087,-19.169812425259437
2025-11-09 09:19:33,1,True,True,7.093522181446218,-5.045657495927003,-1.769715275607581
2025-11-09 09:19:33,1,True,True,7.093522181446218,9.425571623359417,-14.022159050704303
2025-11-09 09:19:33,1,True,True,7.093522181446218,2.3777862602230044,1.3881416398358084
2025-11-09 09:19:33,1,True,True,7.093522181446218,12.326525281698196,-14.814148812745813
2025-11-09 09:19:34,1,True,True,7.093522181446218,-6.4488365797019895,2.4153542033825772
2025-11-09 09:19:34,1,True,True,9.938028785463644,13.299363305848345,-16.62250340061445
2025-11-09 09:19:34,1,True,True,7.700454234102381,-4.663724108502819,-5.032413949016359
2025-11-09 09:19:34,1,True,True,10.99875105142317,11.525057670356745,-20.311013399549935
2025-11-09 09:19:34,1,True,True,10.99875105142317,3.7030753694021996,0.5263066189335746
2025-11-09 09:19:34,1,True,True,10.99875105142317,13.951993125178802,-9.321816623449436
2025-11-09 09:19:34,1,True,True,10.99875105142317,7.4868808316415425,0.04154282523023767
2025-11-09 09:19:35,1,True,True,10.99875105142317,12.897433514503518,-3.9053663528711553
2025-11-09 09:19:35,1,True,True,10.508641813067442,4.916414578293839,7.352325886756091
2025-11-09 09:19:35,1,True,True,10.99875105142317,13.591209952712035,-18.39528377308089
2025-11-09 09:19:35,1,True,True,10.508641813067442,-2.3976719915115297,-0.9078460907019519
2025-11-09 09:19:36,1,True,True,10.508641813067442,19.73180873407921,-35.62083575103266
2025-11-09 09:19:36,1,True,True,10.508641813067442,-2.209338070233798,9.49444181798961
2025-11-09 09:19:36,1,True,True,13.285916646542404,20.301394324784297,-12.71797988330124
2025-11-09 09:19:36,1,True,True,13.55633908256354,-4.161314705473842,7.475048779667048
2025-11-09 09:19:36,1,True,True,14.64261218715356,26.008581895940893,-29.981485699612165
2025-11-09 09:19:36,1,True,True,16.320049945053285,6.642819835119056,19.502679107693012
2025-11-09 09:19:36,1,True,True,17.212616427386962,27.9429812491409,-23.98770740346845
2025-11-09 09:19:36,1,True,True,18.2858024912409,10.997767684930352,13.388175925784765
2025-11-09 09:19:37,1,True,True,22.092120396993693,33.886543848275835,-7.288034806310549
2025-11-09 09:19:37,1,True,True,22.092120396993693,2.3844086925770114,12.10484142340755
2025-11-09 09:19:37,1,True,True,22.830378168017802,35.615415618786386,-30.51626781648703
2025-11-09 09:19:37,1,True,True,24.524436138173172,21.807745150964166,-2.716690987209006
2025-11-09 09:19:37,1,True,True,24.66611693343347,25.389751399767533,-32.401599468789996
2025-11-09 09:19:37,1,True,True,29.395900754695305,8.021779697410778,6.248177029740674
2025-11-09 09:19:38,1,True,True,34.37138755668391,36.07267029127533,-23.95626877541615
2025-11-09 09:19:38,1,True,True,36.68334228370114,32.659824693616684,1.701282734591416
2025-11-09 09:19:38,1,True,True,37.28100119426111,41.84374144450268,-33.66073083200324
2025-11-09 09:19:38,1,True,True,41.909093603785124,10.838979471273262,10.00385014657266
2025-11-09 09:19:38,1,True,True,42.866684462293705,56.35176462069546,-44.66249293766927
2025-11-09 09:19:38,1,True,True,53.43949576778462,14.655055052119565,9.680652138117892
2025-11-09 09:19:39,1,True,True,48.35759012250631,50.730746970344654,-38.784440715665056
2025-11-09 09:19:39,1,True,True,48.96891469013721,45.049398014725426,2.373156847838345
2025-11-09 09:19:40,1,True,True,51.82231524814185,85.42484415916022,-62.160992156398734
2025-11-09 09:19:40,1,True,True,51.29994443014115,18.213160063443752,61.87288048984499
2025-11-09 09:19:40,1,True,True,52.3147047117653,75.95508273061719,-31.71070990543018
2025-11-09 09:19:40,1,True,True,48.28342052786539,43.86942712258309,62.671880347661926
2025-11-09 09:19:41,1,True,True,49.229954731675065,57.06096666601147,-28.441430052826774
2025-11-09 09:19:41,1,True,True,48.90720166702599,48.08860616635968,47.1175826092726
2025-11-09 09:19:41,1,True,True,52.21431716809403,65.14016463722362,-62.39793636586438
2025-11-09 09:19:41,1,True,True,52.95889668362085,7.161827054153278,-8.580376912976163
2025-11-09 09:19:41,1,True,True,52.95889668362085,54.39672314299804,-53.80794148927613
2025-11-09 09:19:41,1,True,True,52.95889668362085,34.89707965834913,23.488078916058697
2025-11-09 09:19:42,1,True,True,52.81767232031294,55.55132140417993,-56.06170686831723
2025-11-09 09:19:42,1,True,True,54.02672364166628,42.85193698318352,13.414554718464785
2025-11-09 09:19:42,1,True,True,54.66102983426279,62.007617236990455,-55.241841650726556
2025-11-09 09:19:42,1,True,True,54.777974740703854,51.4840171435215,19.03448388507607
2025-11-09 09:19:44,1,True,True,30.843665674568825,32.87489168186522,-47.777837775744686
