timestamp,laptop_id,is_a_detected,is_b_detected,displacement_a,displacement_b
2025-11-09 16:02:00,1,True,False,436.06370790172303,0.0
2025-11-09 16:02:00,1,True,False,426.21369839020076,0.0
2025-11-09 16:02:01,1,True,False,437.088173234716,0.0
2025-11-09 16:02:01,1,True,False,444.8479783665455,0.0
2025-11-09 16:02:01,1,True,False,434.94429288136644,0.0
2025-11-09 16:02:01,1,True,True,568.4104341013328,556.3003756221435
2025-11-09 16:02:01,1,True,True,571.5793994349955,557.6372335709283
2025-11-09 16:02:01,1,True,True,571.5793994349955,550.7775679421931
2025-11-09 16:02:01,1,True,True,568.0347798774051,556.4907915482377
2025-11-09 16:02:01,1,True,True,578.1177053403625,550.3692977636099
2025-11-09 16:02:01,1,True,True,573.8240268139351,555.6561192506946
2025-11-09 16:02:01,1,True,True,579.2378532551639,555.6561192506946
2025-11-09 16:02:01,1,True,True,563.6756235081441,556.4626947285186
2025-11-09 16:02:01,1,True,True,569.6960895543257,562.4500809484929
2025-11-09 16:02:01,1,True,True,570.7037916013987,562.4500809484929
2025-11-09 16:02:01,1,True,True,553.5618187056708,550.8742259764007
2025-11-09 16:02:02,1,True,True,564.6505704353049,549.1021556280637
2025-11-09 16:02:02,1,True,True,568.6666395240596,544.343270565894
2025-11-09 16:02:02,1,True,True,565.9353474331501,546.634795206443
2025-11-09 16:02:02,1,True,True,565.9353474331501,554.0276640429896
2025-11-09 16:02:02,1,True,True,566.4752372070311,548.3345776016258
2025-11-09 16:02:02,1,True,True,566.4752372070311,549.2048649956635
2025-11-09 16:02:02,1,True,True,575.6965508974286,548.7713400169272
2025-11-09 16:02:02,1,True,True,571.9624626586206,551.3955448083284
2025-11-09 16:02:02,1,True,True,565.951575191984,555.378018546923
2025-11-09 16:02:03,1,True,True,573.7043725918177,551.4541662092353
2025-11-09 16:02:03,1,True,True,568.5235797013561,551.4541662092353
2025-11-09 16:02:03,1,True,True,570.512855691554,551.4541662092353
2025-11-09 16:02:03,1,True,True,568.4962771610946,553.8697106175167
2025-11-09 16:02:03,1,True,True,568.4962771610946,555.0658652773636
2025-11-09 16:02:03,1,True,True,568.43455172781,551.4541662092353
2025-11-09 16:02:03,1,True,True,568.4962771610946,551.4541662092353
2025-11-09 16:02:03,1,True,True,568.4962771610946,555.378018546923
2025-11-09 16:02:03,1,True,True,571.990347048556,551.4541662092353
2025-11-09 16:02:04,1,True,True,568.4962771610946,551.4541662092353
2025-11-09 16:02:04,1,True,True,568.5235797013561,551.4541662092353
2025-11-09 16:02:04,1,True,True,568.4962771610946,551.4541662092353
2025-11-09 16:02:04,1,True,True,568.4962771610946,555.378018546923
2025-11-09 16:02:04,1,True,True,568.5235797013561,551.4541662092353
2025-11-09 16:02:04,1,True,True,567.0201660770231,549.9457783245681
2025-11-09 16:02:04,1,True,True,568.4962771610946,551.4541662092353
2025-11-09 16:02:05,1,True,True,568.161902590287,551.4541662092353
2025-11-09 16:02:05,1,True,True,568.4962771610946,551.4541662092353
2025-11-09 16:02:05,1,True,True,568.2907833009295,551.3955448083284
2025-11-09 16:02:05,1,True,True,568.4962771610946,549.3625112250995
2025-11-09 16:02:05,1,True,True,568.4962771610946,551.4541662092353
2025-11-09 16:02:05,1,True,True,568.43455172781,549.3625112250995
2025-11-09 16:02:05,1,True,True,568.4962771610946,549.3625112250995
2025-11-09 16:02:06,1,True,True,568.4962771610946,551.396085621193
2025-11-09 16:02:06,1,True,True,568.4962771610946,554.2934340377059
2025-11-09 16:02:06,1,True,True,568.4962771610946,551.4541662092353
2025-11-09 16:02:06,1,True,True,568.4962771610946,555.378018546923
2025-11-09 16:02:06,1,True,True,568.5235797013561,551.8624902120649
2025-11-09 16:02:06,1,True,True,568.5235797013561,549.9457783245681
2025-11-09 16:02:06,1,True,True,568.4962771610946,551.4541662092353
2025-11-09 16:02:06,1,True,True,567.0201660770231,551.4541662092353
2025-11-09 16:02:06,1,True,True,567.0201660770231,549.9457783245681
2025-11-09 16:02:06,1,True,True,568.43455172781,551.396085621193
2025-11-09 16:02:07,1,True,True,570.7238423384545,554.1370977293258
2025-11-09 16:02:07,1,True,True,571.9624626586206,555.378018546923
2025-11-09 16:02:07,1,True,True,568.122392772341,551.0925935214152
2025-11-09 16:02:07,1,True,True,8.691245566556782,4.576395015355864
2025-11-09 16:02:07,1,True,True,4.576395015355864,5.553191631777481
2025-11-09 16:02:07,1,True,True,0.387982265093672,0.387982265093672
2025-11-09 16:02:07,1,True,True,3.21953756503687,3.21953756503687
2025-11-09 16:02:07,1,True,True,0.387982265093672,0.387982265093672
2025-11-09 16:02:08,1,True,True,0.8822516432321721,1.7395591330481774
2025-11-09 16:02:08,1,True,True,0.387982265093672,0.8822516432321721
2025-11-09 16:02:08,1,True,True,4.576395015355864,4.576395015355864
2025-11-09 16:02:08,1,True,True,0.387982265093672,0.387982265093672
2025-11-09 16:02:08,1,True,True,2.7925474927856495,2.9837140312166075
2025-11-09 16:02:08,1,True,True,0.387982265093672,0.387982265093672
2025-11-09 16:02:08,1,True,True,0.8822516432321721,0.8822516432321721
2025-11-09 16:02:09,1,True,True,0.387982265093672,0.6097604070664591
2025-11-09 16:02:09,1,True,True,0.387982265093672,0.387982265093672
2025-11-09 16:02:09,1,True,True,0.387982265093672,2.9837140312166075
2025-11-09 16:02:10,1,True,True,2.7925474927856495,0.387982265093672
2025-11-09 16:02:10,1,True,True,0.387982265093672,0.387982265093672
2025-11-09 16:02:10,1,True,True,0.8822516432321721,2.9837140312166075
2025-11-09 16:02:10,1,True,True,1.1387228610137172,1.9144652278618148
2025-11-09 16:02:10,1,True,True,4.6813447964257575,0.8822516432321721
2025-11-09 16:02:10,1,True,True,0.8822516432321721,0.387982265093672
2025-11-09 16:02:10,1,True,True,0.8822516432321721,1.149510374417268
2025-11-09 16:02:10,1,True,True,3.3459876837007285,3.21953756503687
2025-11-09 16:02:10,1,True,True,0.387982265093672,0.387982265093672
2025-11-09 16:02:11,1,True,True,5.174499184184688,1.149510374417268
2025-11-09 16:02:11,1,True,True,1.149510374417268,0.387982265093672
2025-11-09 16:02:11,1,True,True,0.8822516432321721,0.8822516432321721
2025-11-09 16:02:11,1,True,True,0.18001826379891459,0.387982265093672
2025-11-09 16:02:11,1,True,True,0.18001826379891459,0.7603170199456979
2025-11-09 16:02:11,1,True,True,4.212398410121429,2.2368975571176324
2025-11-09 16:02:11,1,True,True,0.5522728577376476,1.1979378766997957
2025-11-09 16:02:11,1,True,True,0.5522728577376476,0.7731060978863492
2025-11-09 16:02:11,1,True,True,3.1833688448696935,2.5085805606437144
2025-11-09 16:02:11,1,True,True,1.1878517803762056,2.603148668681678
2025-11-09 16:02:11,1,True,True,1.1878517803762056,0.7731060978863492
2025-11-09 16:02:11,1,True,True,1.1878517803762056,2.603148668681678
2025-11-09 16:02:12,1,True,True,1.1878517803762056,1.1979378766997957
2025-11-09 16:02:12,1,True,True,5.714367831004125,1.1979378766997957
2025-11-09 16:02:12,1,True,True,1.0624474121442853,2.361073522389421
2025-11-09 16:02:12,1,True,True,1.4821562581573495,2.361073522389421
2025-11-09 16:02:12,1,True,True,4.207207655578471,3.5676155196796415
2025-11-09 16:02:12,1,True,True,3.023551930232545,3.5676155196796415
2025-11-09 16:02:12,1,True,True,1.8640947093771985,4.283763638243442
2025-11-09 16:02:12,1,True,True,2.9797687307883063,11.298674237654208
2025-11-09 16:02:12,1,True,True,8.777554836661086,6.288550854279837
2025-11-09 16:02:12,1,True,True,8.777554836661086,9.731683601422958
2025-11-09 16:02:12,1,True,True,270.527859349865,10.936478547489731
2025-11-09 16:02:12,1,True,True,258.9143807309263,265.14121128860387
2025-11-09 16:02:12,1,True,True,258.9143807309263,264.55064106404956
2025-11-09 16:02:12,1,True,True,8.10384468125016,5.070282880676725
2025-11-09 16:02:12,1,True,True,5.960349742430395,5.070282880676725
2025-11-09 16:02:13,1,True,True,3.248192576554107,6.085790686066467
2025-11-09 16:02:13,1,True,True,6.923602243142624,5.812664466492305
2025-11-09 16:02:13,1,True,True,6.923602243142624,8.439299415017814
2025-11-09 16:02:13,1,True,True,9.747242151955883,6.903365292752463
2025-11-09 16:02:13,1,True,True,9.747242151955883,11.201534131331828
2025-11-09 16:02:13,1,True,True,11.068090446044323,11.418517106337552
2025-11-09 16:02:13,1,True,True,12.417608907791891,9.105935959367233
2025-11-09 16:02:13,1,True,True,9.337332042783652,8.626959235891446
2025-11-09 16:02:13,1,True,True,5.9954026614909335,6.7017127437248565
2025-11-09 16:02:13,1,True,True,9.706991623224123,4.810398515741949
2025-11-09 16:02:13,1,True,True,4.981784630758636,4.810398515741949
2025-11-09 16:02:13,1,True,True,5.672769432940976,5.4243013919389265
2025-11-09 16:02:14,1,True,True,6.796449584664641,8.14581332521601
2025-11-09 16:02:14,1,True,True,7.4497374438817445,9.535607591125519
2025-11-09 16:02:14,1,True,True,9.927197398742598,8.81816209467758
2025-11-09 16:02:14,1,True,True,7.689165888461616,8.845717780797155
2025-11-09 16:02:14,1,True,True,8.232921506541992,9.16082315067495
2025-11-09 16:02:14,1,True,True,8.79851906265125,9.16082315067495
2025-11-09 16:02:14,1,True,True,258.2580195286876,266.5793833085024
2025-11-09 16:02:14,1,True,True,261.7755371100442,264.0631979684086
2025-11-09 16:02:14,1,True,True,261.8883001796229,264.0631979684086
2025-11-09 16:02:14,1,True,True,265.67022905226537,260.23537114613055
2025-11-09 16:02:14,1,True,True,258.6565792184925,260.23537114613055
2025-11-09 16:02:14,1,True,True,260.9772655697015,263.4096671567449
2025-11-09 16:02:15,1,True,True,260.9772655697015,269.146999049519
2025-11-09 16:02:15,1,True,True,9.484359091022727,10.759274903433578
2025-11-09 16:02:15,1,True,True,9.319329260900759,10.601791053890294
2025-11-09 16:02:15,1,True,True,8.040696539835503,10.339268020910648
2025-11-09 16:02:15,1,True,True,14.569367756523897,12.066358314145239
2025-11-09 16:02:15,1,True,True,14.569367756523897,11.811266603586166
2025-11-09 16:02:15,1,True,True,259.5147732751656,262.04119860692936
2025-11-09 16:02:15,1,True,True,258.64271381961646,262.6517502367775
2025-11-09 16:02:16,1,True,True,9.53243051966283,10.018207513428784
2025-11-09 16:02:16,1,True,True,9.4481366144535,8.134607542877587
2025-11-09 16:02:16,1,True,True,4.215072187328812,3.8836282704459113
2025-11-09 16:02:16,1,True,True,3.1982025859768406,4.886737122001935
2025-11-09 16:02:16,1,True,True,2.515948169771699,3.1406164263581435
2025-11-09 16:02:16,1,True,True,7.718452143544518,5.290895926398922
2025-11-09 16:02:16,1,True,True,6.406503307878457,5.512847954451998
2025-11-09 16:02:16,1,True,True,11.921922140503224,5.512847954451998
2025-11-09 16:02:16,1,True,True,10.188832702343227,8.633394012808106
2025-11-09 16:02:16,1,True,True,15.82479743422392,8.633394012808106
2025-11-09 16:02:17,1,True,True,15.82479743422392,13.667353212322165
2025-11-09 16:02:17,1,True,True,28.12627055310693,11.825715979537073
2025-11-09 16:02:17,1,True,True,26.079904567346617,11.283283364959782
2025-11-09 16:02:17,1,True,True,26.010595244168815,11.580086313339947
2025-11-09 16:02:17,1,True,True,26.010595244168815,11.259249342721159
2025-11-09 16:02:17,1,True,True,29.0568499175635,11.259249342721159
2025-11-09 16:02:17,1,True,True,28.233395138710783,13.628382344144503
2025-11-09 16:02:17,1,True,True,26.74994457902314,15.06952890655529
2025-11-09 16:02:17,1,True,True,24.819905080851438,16.0969786354146
2025-11-09 16:02:17,1,True,True,22.86058087860227,18.228174119907155
2025-11-09 16:02:17,1,True,True,24.8565426790015,16.62096881720414
2025-11-09 16:02:18,1,True,True,23.236003254666713,16.53859978148963
2025-11-09 16:02:18,1,True,True,276.6558827814771,275.9375631981723
2025-11-09 16:02:18,1,True,True,274.9992253312022,273.05289072736645
2025-11-09 16:02:18,1,True,True,274.9992253312022,273.90764005136134
2025-11-09 16:02:18,1,True,True,280.54358696513304,272.39318972461865
2025-11-09 16:02:18,1,True,True,280.54358696513304,272.9162176258597
2025-11-09 16:02:18,1,True,True,272.2286461164769,276.54728215340407
2025-11-09 16:02:18,1,True,True,272.2286461164769,273.5136201884056
2025-11-09 16:02:18,1,True,True,273.8529290867774,272.33163838651524
2025-11-09 16:02:18,1,True,True,273.8529290867774,276.16393188527576
2025-11-09 16:02:18,1,True,True,274.5231823808704,271.9992928672377
2025-11-09 16:02:18,1,True,True,26.212596269937755,19.354192266175218
2025-11-09 16:02:19,1,True,True,25.047861202331177,12.826468382089635
2025-11-09 16:02:19,1,True,True,26.372507997537152,12.759685041114906
2025-11-09 16:02:19,1,True,True,24.146570559780944,13.260046215074018
2025-11-09 16:02:19,1,True,True,25.4933989700409,13.260046215074018
2025-11-09 16:02:19,1,True,True,26.428730090181023,13.904689708326828
2025-11-09 16:02:19,1,True,True,22.70565986113272,14.55977439147182
2025-11-09 16:02:19,1,True,True,22.04615622215688,14.55977439147182
2025-11-09 16:02:19,1,True,True,22.04615622215688,21.19496131990818
2025-11-09 16:02:19,1,True,True,280.9071026380968,21.19496131990818
2025-11-09 16:02:19,1,True,True,21.736621780944184,270.43341889203685
2025-11-09 16:02:19,1,True,True,273.72099166536725,271.6481808960844
2025-11-09 16:02:19,1,True,True,272.2023478633171,271.1372126453219
2025-11-09 16:02:20,1,True,True,280.894133761691,273.2209133338086
2025-11-09 16:02:20,1,True,True,274.27136971271506,268.66005797718975
2025-11-09 16:02:20,1,True,True,275.22725697421635,268.99713863048214
2025-11-09 16:02:20,1,True,True,21.913746206300587,16.003549672209722
2025-11-09 16:02:20,1,True,True,25.804597796801993,18.04135778342367
2025-11-09 16:02:20,1,True,True,22.25750914495262,18.628783564450114
2025-11-09 16:02:20,1,True,True,22.25750914495262,15.185352410196954
2025-11-09 16:02:20,1,True,True,22.323403838778454,14.88112402886297
2025-11-09 16:02:20,1,True,True,270.47514237219895,272.2168215259271
2025-11-09 16:02:20,1,True,True,273.92986304825183,274.98004295535344
2025-11-09 16:02:20,1,True,True,271.96854233001756,272.8510608599946
2025-11-09 16:02:21,1,True,True,275.3321116383845,275.32285236578286
2025-11-09 16:02:21,1,True,True,273.536135527389,274.37713554469127
2025-11-09 16:02:21,1,True,True,22.776080530633486,269.41607652895635
2025-11-09 16:02:21,1,True,True,22.776080530633486,16.85350033919823
2025-11-09 16:02:21,1,True,True,27.504743550275474,15.361074568682366
2025-11-09 16:02:21,1,True,True,23.144008666411697,14.019733993656807
2025-11-09 16:02:21,1,True,True,21.663698388021118,13.786427156512854
2025-11-09 16:02:21,1,True,True,21.663698388021118,17.04304479145923
2025-11-09 16:02:21,1,True,True,23.661486920134728,14.404014226221355
2025-11-09 16:02:21,1,True,True,23.661486920134728,273.3984199520389
2025-11-09 16:02:21,1,True,True,275.3171051744837,273.3984199520389
2025-11-09 16:02:21,1,True,True,273.39753273685903,273.1536026966825
2025-11-09 16:02:21,1,True,True,270.48459479236425,273.1536026966825
2025-11-09 16:02:21,1,True,True,274.5782989459177,272.067742680135
2025-11-09 16:02:22,1,True,True,271.8471292652018,272.067742680135
2025-11-09 16:02:22,1,True,True,274.3677598558243,271.05734261879184
2025-11-09 16:02:22,1,True,True,273.6602452898399,271.05734261879184
2025-11-09 16:02:22,1,True,True,273.1379916241506,271.0977248234291
2025-11-09 16:02:22,1,True,True,273.1379916241506,271.71967067116134
2025-11-09 16:02:22,1,True,True,273.81390853725037,16.64187162723941
2025-11-09 16:02:22,1,True,True,22.645472209447643,14.823519800063412
2025-11-09 16:02:22,1,True,True,25.373342909022746,16.893875036131714
2025-11-09 16:02:22,1,True,True,22.95539505780979,12.835616413734368
2025-11-09 16:02:22,1,True,True,24.861481913253243,12.760134212291234
2025-11-09 16:02:22,1,True,True,23.305602747343308,14.885476661558599
2025-11-09 16:02:22,1,True,True,24.17459436028427,14.885476661558599
2025-11-09 16:02:23,1,True,True,24.17459436028427,12.88674866571118
2025-11-09 16:02:23,1,True,True,23.510164972479107,12.776082680684624
2025-11-09 16:02:23,1,True,True,24.167555107054614,13.575331644826692
2025-11-09 16:02:23,1,True,True,24.482146624299137,13.575331644826692
2025-11-09 16:02:23,1,True,True,24.38126302265615,11.773211582650408
2025-11-09 16:02:23,1,True,True,24.004621922435422,12.992352348803333
2025-11-09 16:02:23,1,True,True,23.6689446407489,13.788249098896374
2025-11-09 16:02:23,1,True,True,23.946187975964754,14.432789395728456
2025-11-09 16:02:23,1,True,True,23.73714252362737,13.330642655023658
2025-11-09 16:02:23,1,True,True,23.73714252362737,12.917663533038173
2025-11-09 16:02:23,1,True,True,25.916714471071547,12.917663533038173
2025-11-09 16:02:23,1,True,True,23.18117661933277,13.286549775777564
2025-11-09 16:02:24,1,True,True,24.250815955808047,13.286549775777564
2025-11-09 16:02:24,1,True,True,21.822892140781143,11.022012735424516
2025-11-09 16:02:24,1,True,True,21.496136848629956,9.888935094065268
2025-11-09 16:02:24,1,True,True,21.496136848629956,10.608845120532068
2025-11-09 16:02:24,1,True,True,20.51557320492241,10.608845120532068
2025-11-09 16:02:24,1,True,True,24.547560286923172,12.384520950501305
2025-11-09 16:02:24,1,True,True,25.51205634177241,12.384520950501305
2025-11-09 16:02:24,1,True,True,26.192396887842452,14.11020259322254
2025-11-09 16:02:24,1,True,True,23.758493759616655,14.897949288435024
2025-11-09 16:02:24,1,True,True,24.8875921117605,14.897949288435024
2025-11-09 16:02:24,1,True,True,27.535348537082093,17.82791306962287
2025-11-09 16:02:24,1,True,True,275.8208336920902,271.2681939626233
2025-11-09 16:02:25,1,True,True,282.92976544055495,274.07163871967816
2025-11-09 16:02:25,1,True,True,281.62160460256376,273.4312620810468
2025-11-09 16:02:25,1,True,True,277.95677517945586,15.068620614472023
2025-11-09 16:02:25,1,True,True,32.577872978929186,15.068620614472023
2025-11-09 16:02:25,1,True,True,27.64963544202129,13.627925404986552
2025-11-09 16:02:25,1,True,True,28.64828249016459,16.663673139023224
2025-11-09 16:02:25,1,True,True,279.709377298175,16.663673139023224
2025-11-09 16:02:25,1,True,True,283.2987988062941,272.62902501416175
2025-11-09 16:02:25,1,True,True,277.4222280488852,272.3505496147931
2025-11-09 16:02:25,1,True,True,279.3977614635737,274.7233150165641
2025-11-09 16:02:25,1,True,True,280.103901992254,274.7233150165641
2025-11-09 16:02:25,1,True,True,281.2604056288117,273.54009856692664
2025-11-09 16:02:25,1,True,True,282.2569063911907,272.7785494600931
2025-11-09 16:02:25,1,True,True,282.032369961409,273.3737253438453
2025-11-09 16:02:26,1,True,True,282.032369961409,271.43623394858685
2025-11-09 16:02:26,1,True,True,278.03374003703016,274.99842067445803
2025-11-09 16:02:26,1,True,True,278.03374003703016,275.6330010612646
2025-11-09 16:02:26,1,True,True,281.523286520008,274.8747553010701
2025-11-09 16:02:26,1,True,True,281.523286520008,273.5023864507102
2025-11-09 16:02:26,1,True,True,285.97377198093176,273.5023864507102
2025-11-09 16:02:26,1,True,True,283.1831292531788,274.8618925501885
2025-11-09 16:02:26,1,True,True,281.44622194343856,274.1637768053188
2025-11-09 16:02:26,1,True,True,27.907268635608567,15.591149156095705
2025-11-09 16:02:26,1,True,True,27.46240910044859,13.674418433018243
2025-11-09 16:02:26,1,True,True,26.113210011867622,13.687971370705664
2025-11-09 16:02:27,1,True,True,27.135991967614316,14.91311803046158
2025-11-09 16:02:27,1,True,True,26.692875940017206,16.482733900204135
2025-11-09 16:02:27,1,True,True,282.46276067944154,16.482733900204135
2025-11-09 16:02:27,1,True,True,275.8429304689709,278.7444986346094
2025-11-09 16:02:27,1,True,True,287.6488747707811,279.6237568432756
2025-11-09 16:02:27,1,True,True,278.9501968633841,273.9750424624993
2025-11-09 16:02:27,1,True,True,282.0676283296233,279.68128136417437
2025-11-09 16:02:27,1,True,True,279.02966669172565,274.5277390410426
2025-11-09 16:02:27,1,True,True,275.7411270746599,275.55590888238805
2025-11-09 16:02:27,1,True,True,275.7411270746599,276.95898269668936
2025-11-09 16:02:27,1,True,True,279.76597790895454,275.93260382047936
2025-11-09 16:02:27,1,True,True,279.76597790895454,276.95898269668936
2025-11-09 16:02:28,1,True,True,277.704939174814,276.95898269668936
2025-11-09 16:02:28,1,True,True,276.40305845928896,273.80484855169254
2025-11-09 16:02:28,1,True,True,278.2173026570921,273.80484855169254
2025-11-09 16:02:28,1,True,True,278.2173026570921,276.1032628785807
2025-11-09 16:02:28,1,True,True,283.28897269179606,276.1032628785807
2025-11-09 16:02:28,1,True,True,277.9098696850512,277.7324389488017
2025-11-09 16:02:28,1,True,True,28.294475594117376,14.765530717241962
2025-11-09 16:02:28,1,True,True,27.610857736885524,13.864473652781125
2025-11-09 16:02:28,1,True,True,27.610857736885524,13.076797843500632
2025-11-09 16:02:28,1,True,True,27.874168037671605,17.47131005979684
2025-11-09 16:02:28,1,True,True,27.874168037671605,16.17366582538769
2025-11-09 16:02:28,1,True,True,29.227108918943156,16.17366582538769
2025-11-09 16:02:28,1,True,True,29.227108918943156,16.48022311254975
2025-11-09 16:02:28,1,True,True,26.563769788390164,16.321332232414463
2025-11-09 16:02:29,1,True,True,26.563769788390164,17.79977051633653
2025-11-09 16:02:29,1,True,True,273.5736153553369,16.248915192896142
2025-11-09 16:02:29,1,True,True,282.85959837510944,272.35927377689023
2025-11-09 16:02:29,1,True,True,273.5736153553369,278.0567865776502
2025-11-09 16:02:29,1,True,True,275.95124803866014,271.87576166532716
2025-11-09 16:02:29,1,True,True,275.95124803866014,19.894695371191293
2025-11-09 16:02:29,1,True,True,273.84107217993517,274.11461269097066
2025-11-09 16:02:29,1,True,True,278.4229401562527,275.46266537281394
2025-11-09 16:02:29,1,True,True,275.6887209434727,275.3078561522503
2025-11-09 16:02:29,1,True,True,275.6887209434727,272.34917394985774
2025-11-09 16:02:29,1,True,True,284.9460879960077,272.6119583182699
2025-11-09 16:02:30,1,True,True,31.493396788691456,16.1299308525117
2025-11-09 16:02:30,1,True,True,29.17909462569613,16.1299308525117
2025-11-09 16:02:30,1,True,True,28.3100683140626,16.242393152864672
2025-11-09 16:02:30,1,True,True,281.80609143841957,17.716500501066793
2025-11-09 16:02:30,1,True,True,29.87727023752755,275.2631879299685
2025-11-09 16:02:30,1,True,True,276.8338596312562,275.7014984933245
2025-11-09 16:02:30,1,True,True,281.2483297178413,272.84166559379673
2025-11-09 16:02:30,1,True,True,281.6855983753621,273.3413113490491
2025-11-09 16:02:30,1,True,True,280.0424572163987,272.84166559379673
2025-11-09 16:02:30,1,True,True,280.0424572163987,276.2457538432536
2025-11-09 16:02:30,1,True,True,281.5956584088648,276.2457538432536
2025-11-09 16:02:31,1,True,True,281.5956584088648,276.2457538432536
2025-11-09 16:02:31,1,True,True,281.3338938740286,276.2457538432536
2025-11-09 16:02:31,1,True,True,281.3338938740286,275.2141577621899
2025-11-09 16:02:31,1,True,True,282.33596783980187,276.2730009815222
2025-11-09 16:02:31,1,True,True,282.33596783980187,277.4171921529794
2025-11-09 16:02:31,1,True,True,281.89226026441406,269.09636542164793
2025-11-09 16:02:31,1,True,True,279.3519621797077,269.09636542164793
2025-11-09 16:02:31,1,True,True,284.89313090695947,275.7982834474695
2025-11-09 16:02:31,1,True,True,281.18209139899676,275.7982834474695
2025-11-09 16:02:31,1,True,True,273.41264716286935,271.0473618921821
2025-11-09 16:02:31,1,True,True,273.41264716286935,269.45918972275166
2025-11-09 16:02:31,1,True,True,277.2461868518231,273.76447532843025
2025-11-09 16:02:31,1,True,True,279.5308997467296,269.45918972275166
2025-11-09 16:02:31,1,True,True,279.47043244902375,275.99773009941117
2025-11-09 16:02:32,1,True,True,282.81904704340445,275.99773009941117
2025-11-09 16:02:32,1,True,True,279.1338551760865,275.2450157702055
2025-11-09 16:02:32,1,True,True,278.94703211100506,272.6164868221373
2025-11-09 16:02:32,1,True,True,277.8714838773457,278.9723472960032
2025-11-09 16:02:32,1,True,True,275.53247089938816,278.9723472960032
2025-11-09 16:02:32,1,True,True,275.53247089938816,271.5863226304251
2025-11-09 16:02:32,1,True,True,281.13194012427584,271.5863226304251
2025-11-09 16:02:32,1,True,True,282.11837826614044,278.9706050377408
2025-11-09 16:02:32,1,True,True,276.71826157370174,16.955177241338493
2025-11-09 16:02:32,1,True,True,27.36558620178542,16.955177241338493
2025-11-09 16:02:32,1,True,True,28.273994711411255,16.97279809850181
2025-11-09 16:02:32,1,True,True,29.97572091051046,18.562036890606464
2025-11-09 16:02:33,1,True,True,27.234432373522363,16.989135055797668
2025-11-09 16:02:33,1,True,True,27.493586675262033,20.581199548211682
2025-11-09 16:02:33,1,True,True,27.529727056171804,19.000407882701246
2025-11-09 16:02:33,1,True,True,27.529727056171804,18.081848843683467
2025-11-09 16:02:33,1,True,True,30.183089960017664,17.81781419294426
2025-11-09 16:02:33,1,True,True,27.72499729154506,16.59597633142833
2025-11-09 16:02:33,1,True,True,28.63986381432627,17.56415010359961
2025-11-09 16:02:33,1,True,True,26.503548107929188,17.935569842160966
2025-11-09 16:02:33,1,True,True,29.33213353537963,14.964944785100974
2025-11-09 16:02:33,1,True,True,32.35266229353435,272.11418224621553
2025-11-09 16:02:33,1,True,True,278.34134933287044,272.11418224621553
2025-11-09 16:02:33,1,True,True,278.34134933287044,283.62639447559394
2025-11-09 16:02:34,1,True,True,280.53879911462684,17.82287921441795
2025-11-09 16:02:34,1,True,True,25.18797749782217,17.82287921441795
2025-11-09 16:02:34,1,True,True,25.18797749782217,19.67782141518324
2025-11-09 16:02:34,1,True,True,25.34819382774553,18.7867439494003
2025-11-09 16:02:34,1,True,True,25.34819382774553,278.1098103326041
2025-11-09 16:02:34,1,True,True,280.71447445734947,273.5326467214281
2025-11-09 16:02:34,1,True,True,29.13199970102577,16.559332928124906
2025-11-09 16:02:34,1,True,True,28.17411443307179,17.92923610644874
2025-11-09 16:02:34,1,True,True,28.952618506817334,17.92923610644874
2025-11-09 16:02:34,1,True,True,27.407564917185596,16.38705202904778
2025-11-09 16:02:34,1,True,True,27.407564917185596,17.70496883501423
2025-11-09 16:02:35,1,True,True,27.40949509080725,16.44474718130814
2025-11-09 16:02:35,1,True,True,27.4523081464279,16.51770332432222
2025-11-09 16:02:35,1,True,True,29.468037467483754,16.51770332432222
2025-11-09 16:02:35,1,True,True,29.468037467483754,17.765447658720767
2025-11-09 16:02:35,1,True,True,30.024107543498427,17.578061043040368
2025-11-09 16:02:35,1,True,True,30.024107543498427,18.579370239177507
2025-11-09 16:02:35,1,True,True,27.217466094435405,17.029043511965952
2025-11-09 16:02:35,1,True,True,28.865024297000364,17.029043511965952
2025-11-09 16:02:35,1,True,True,28.43774786852178,17.029043511965952
2025-11-09 16:02:35,1,True,True,27.217466094435405,17.029043511965952
2025-11-09 16:02:35,1,True,True,26.926430884941777,16.40501245931354
2025-11-09 16:02:36,1,True,True,26.678992404583106,15.543696280588897
2025-11-09 16:02:36,1,True,True,27.296022593032696,16.177731732989592
2025-11-09 16:02:36,1,True,True,28.8965975559021,17.33579750553389
2025-11-09 16:02:36,1,True,True,26.736716720011714,14.527293351121749
2025-11-09 16:02:36,1,True,True,36.28630095336604,19.17079017365558
2025-11-09 16:02:36,1,True,True,33.04982673838076,18.510751196629663
2025-11-09 16:02:36,1,True,True,27.89721183475483,16.052269054663082
2025-11-09 16:02:36,1,True,True,28.18067851016799,16.997604334023883
2025-11-09 16:02:36,1,True,True,28.18067851016799,13.543992114689983
2025-11-09 16:02:36,1,True,True,20.3835759736959,16.246534527195326
2025-11-09 16:02:36,1,True,True,21.575144474010308,8.397529393537363
2025-11-09 16:02:37,1,True,False,19.68972583998464,0.0
2025-11-09 16:04:37,1,True,False,169.9775682212481,0.0
2025-11-09 16:04:38,1,True,False,173.13904019966705,0.0
2025-11-09 16:04:38,1,True,False,169.5835886416014,0.0
2025-11-09 16:04:38,1,True,False,172.69336387899475,0.0
2025-11-09 16:04:38,1,True,False,172.6430921783022,0.0
2025-11-09 16:04:38,1,True,False,172.32950074839857,0.0
2025-11-09 16:04:38,1,True,False,172.69336387899475,0.0
2025-11-09 16:04:39,1,True,False,169.5835886416014,0.0
2025-11-09 16:04:39,1,True,False,172.38314358013247,0.0
2025-11-09 16:04:39,1,True,False,169.55955570294867,0.0
2025-11-09 16:05:19,1,True,False,416.29589921092236,0.0
2025-11-09 16:05:19,1,True,False,424.1174127669824,0.0
2025-11-09 16:05:19,1,True,False,417.0354216301213,0.0
2025-11-09 16:05:19,1,True,False,416.83748182768846,0.0
2025-11-09 16:05:19,1,True,False,416.5316019045919,0.0
2025-11-09 16:05:19,1,True,False,416.4931811150265,0.0
2025-11-09 16:05:19,1,True,False,423.63246371087575,0.0
2025-11-09 16:05:19,1,True,False,421.97574339476006,0.0
2025-11-09 16:05:20,1,True,False,426.8296886675396,0.0
2025-11-09 16:05:20,1,True,False,417.55058226748235,0.0
2025-11-09 16:05:20,1,True,False,424.1174127669824,0.0
2025-11-09 16:05:20,1,True,False,425.2800792985124,0.0
2025-11-09 16:05:20,1,True,False,424.6769868424025,0.0
2025-11-09 16:05:20,1,True,False,415.8963341095966,0.0
2025-11-09 16:05:20,1,True,False,416.4931811150265,0.0
2025-11-09 16:05:20,1,True,False,416.27947061724336,0.0
2025-11-09 16:05:21,1,True,False,416.4931811150265,0.0
2025-11-09 16:05:21,1,True,False,414.901794756593,0.0
2025-11-09 16:05:21,1,True,False,415.8963341095966,0.0
2025-11-09 16:05:21,1,True,False,423.515003857574,0.0
2025-11-09 16:05:21,1,True,False,424.1174127669824,0.0
2025-11-09 16:05:21,1,True,False,426.21641239089416,0.0
2025-11-09 16:05:21,1,True,False,424.1174127669824,0.0
2025-11-09 16:05:22,1,True,False,422.4711916978104,0.0
2025-11-09 16:05:22,1,True,False,416.39213304694186,0.0
2025-11-09 16:05:22,1,True,False,415.8963341095966,0.0
2025-11-09 16:05:22,1,True,False,416.4931811150265,0.0
2025-11-09 16:05:22,1,True,False,415.8963341095966,0.0
2025-11-09 16:05:23,1,True,False,415.7947750688735,0.0
2025-11-09 16:05:23,1,True,False,415.8963341095966,0.0
2025-11-09 16:05:23,1,True,False,423.515003857574,0.0
2025-11-09 16:05:23,1,True,False,424.1174127669824,0.0
2025-11-09 16:05:23,1,True,False,415.8963341095966,0.0
2025-11-09 16:05:23,1,True,False,424.1174127669824,0.0
2025-11-09 16:05:24,1,True,False,414.70887755430465,0.0
2025-11-09 16:05:24,1,True,False,417.3411218471164,0.0
2025-11-09 16:05:24,1,True,False,416.4931811150265,0.0
2025-11-09 16:05:24,1,True,False,423.9139104028498,0.0
2025-11-09 16:05:24,1,True,False,415.30129999039303,0.0
2025-11-09 16:05:24,1,True,False,424.1174127669824,0.0
2025-11-09 16:05:24,1,True,False,415.8963341095966,0.0
2025-11-09 16:05:24,1,True,False,415.68249455645775,0.0
2025-11-09 16:05:25,1,True,False,416.4931811150265,0.0
2025-11-09 16:05:25,1,True,False,423.515003857574,0.0
2025-11-09 16:05:25,1,True,False,0.0,0.0
2025-11-09 16:05:25,1,True,False,0.8192965029916747,0.0
2025-11-09 16:05:25,1,True,False,0.0,0.0
2025-11-09 16:05:25,1,True,False,5.288260766674982,0.0
2025-11-09 16:05:25,1,True,False,0.8192965029916747,0.0
2025-11-09 16:05:26,1,True,False,3.124893816763543,0.0
2025-11-09 16:05:26,1,True,False,0.8192965029916747,0.0
2025-11-09 16:05:26,1,True,False,2.557632578505071,0.0
2025-11-09 16:05:26,1,True,False,6.736337362812983,0.0
2025-11-09 16:05:26,1,True,False,7.920522775567293,0.0
2025-11-09 16:05:26,1,True,False,6.283584332510438,0.0
2025-11-09 16:05:26,1,True,False,7.920522775567293,0.0
2025-11-09 16:05:27,1,True,False,7.920522775567293,0.0
2025-11-09 16:05:27,1,True,False,0.0,0.0
2025-11-09 16:05:27,1,True,False,8.40000369440754,0.0
2025-11-09 16:05:27,1,True,False,1.6203518194696291,0.0
2025-11-09 16:05:27,1,True,False,8.40000369440754,0.0
2025-11-09 16:05:27,1,True,False,5.288260766674982,0.0
2025-11-09 16:05:28,1,True,False,1.745662961569331,0.0
2025-11-09 16:05:29,1,True,False,8.710658094733482,0.0
2025-11-09 16:05:29,1,True,False,7.076233461505601,0.0
2025-11-09 16:05:29,1,True,False,2.5466483842386975,0.0
2025-11-09 16:05:29,1,True,False,6.283584332510438,0.0
2025-11-09 16:05:29,1,True,False,8.350583317972095,0.0
2025-11-09 16:05:29,1,True,False,7.776207580874872,0.0
2025-11-09 16:05:29,1,True,False,4.549125371058917,0.0
2025-11-09 16:05:29,1,True,False,3.245933204266627,0.0
2025-11-09 16:05:29,1,True,False,4.577163981423108,0.0
2025-11-09 16:05:30,1,True,False,4.603491149988258,0.0
2025-11-09 16:05:30,1,True,False,7.53046974602321,0.0
2025-11-09 16:05:30,1,True,False,6.48800664473351,0.0
2025-11-09 16:05:30,1,True,False,6.23822055487081,0.0
2025-11-09 16:05:31,1,True,False,4.832533951057609,0.0
2025-11-09 16:05:31,1,True,False,6.115014023923551,0.0
2025-11-09 16:05:31,1,True,False,5.285509436217639,0.0
2025-11-09 16:05:31,1,True,False,6.721339168547122,0.0
2025-11-09 16:05:31,1,True,False,7.719564551908825,0.0
2025-11-09 16:05:31,1,True,False,8.08814893206266,0.0
2025-11-09 16:05:31,1,True,False,13.99208616078884,0.0
2025-11-09 16:05:31,1,True,False,13.268370943071643,0.0
2025-11-09 16:05:31,1,True,False,6.966024554124748,0.0
2025-11-09 16:05:32,1,True,False,13.225722958443795,0.0
2025-11-09 16:05:32,1,True,False,7.327903302441982,0.0
2025-11-09 16:05:32,1,True,False,9.307477076708016,0.0
2025-11-09 16:05:32,1,True,False,9.055192288379814,0.0
2025-11-09 16:05:32,1,True,False,10.13292202380668,0.0
2025-11-09 16:05:32,1,True,False,8.680222948540246,0.0
2025-11-09 16:05:32,1,True,False,5.6520583378756974,0.0
2025-11-09 16:05:32,1,True,False,19.118196996149756,0.0
2025-11-09 16:05:33,1,True,False,30.56507881626163,0.0
2025-11-09 16:05:33,1,True,False,25.845867557907884,0.0
2025-11-09 16:05:33,1,True,False,3.934363403512444,0.0
2025-11-09 16:05:33,1,True,False,25.902352322382733,0.0
2025-11-09 16:05:33,1,True,False,32.44341331045704,0.0
2025-11-09 16:05:33,1,True,False,37.137350037860486,0.0
2025-11-09 16:05:33,1,True,False,37.480032178271586,0.0
2025-11-09 16:05:33,1,True,False,37.50726907606362,0.0
2025-11-09 16:05:34,1,True,False,38.186818660895895,0.0
2025-11-09 16:05:34,1,True,False,14.086321489027158,0.0
2025-11-09 16:05:34,1,True,False,16.45857601925867,0.0
2025-11-09 16:05:34,1,True,False,21.54883710923486,0.0
2025-11-09 16:05:34,1,True,False,35.59219548231013,0.0
2025-11-09 16:05:34,1,True,False,41.16152286171022,0.0
2025-11-09 16:05:34,1,True,False,42.96225042814304,0.0
2025-11-09 16:05:35,1,True,False,12.720891489007622,0.0
2025-11-09 16:05:35,1,True,False,16.615987928745586,0.0
2025-11-09 16:05:35,1,True,False,23.052850657721304,0.0
2025-11-09 16:05:35,1,True,False,27.892101208058335,0.0
2025-11-09 16:05:35,1,True,False,21.02589344535329,0.0
2025-11-09 16:05:35,1,True,False,19.364569279843987,0.0
2025-11-09 16:05:35,1,True,False,8.809790243135673,0.0
2025-11-09 16:05:35,1,True,False,2.0247000302891265,0.0
2025-11-09 16:05:36,1,True,False,1.5439344717188754,0.0
2025-11-09 16:05:36,1,True,False,15.166564735794605,0.0
2025-11-09 16:05:36,1,True,False,19.84151076397067,0.0
2025-11-09 16:05:36,1,True,False,41.220256289017456,0.0
2025-11-09 16:05:36,1,True,False,14.051214348074769,0.0
2025-11-09 16:05:36,1,True,False,12.36927713932874,0.0
2025-11-09 16:05:36,1,True,False,17.837739077431145,0.0
2025-11-09 16:05:36,1,True,False,27.93974003495335,0.0
2025-11-09 16:05:37,1,True,False,33.09825219432295,0.0
2025-11-09 16:05:37,1,True,False,38.84780908546348,0.0
2025-11-09 16:05:37,1,True,False,7.096583893151185,0.0
2025-11-09 16:05:37,1,True,False,19.3724153461601,0.0
2025-11-09 16:05:37,1,True,False,25.825167836647,0.0
2025-11-09 16:05:37,1,True,False,40.841567605068555,0.0
2025-11-09 16:05:38,1,True,False,46.5589353612867,0.0
2025-11-09 16:05:38,1,True,False,47.52484393375435,0.0
2025-11-09 16:05:38,1,True,False,12.169480944567505,0.0
2025-11-09 16:05:38,1,True,False,9.47760164672466,0.0
2025-11-09 16:05:38,1,True,False,16.536170616788258,0.0
2025-11-09 16:05:38,1,True,False,27.009774602133145,0.0
2025-11-09 16:05:38,1,True,False,31.843375756083226,0.0
2025-11-09 16:05:38,1,True,False,38.1757529655082,0.0
2025-11-09 16:05:39,1,True,False,9.873632656294026,0.0
2025-11-09 16:05:39,1,True,False,17.527960893044266,0.0
2025-11-09 16:05:39,1,True,False,28.405833973224,0.0
2025-11-09 16:05:39,1,True,False,40.456775661467596,0.0
2025-11-09 16:05:39,1,True,False,37.16937865374002,0.0
2025-11-09 16:05:39,1,True,False,35.251500825852396,0.0
2025-11-09 16:05:40,1,True,False,28.460078811409343,0.0
2025-11-09 16:05:40,1,True,False,28.534914706963576,0.0
2025-11-09 16:05:40,1,True,False,27.624299854583256,0.0
2025-11-09 16:05:40,1,True,False,30.766142467980238,0.0
2025-11-09 16:05:40,1,True,False,27.965906117459422,0.0
2025-11-09 16:05:40,1,True,False,29.461714691486637,0.0
2025-11-09 16:05:40,1,True,False,27.969456334536076,0.0
2025-11-09 16:05:40,1,True,False,31.01382699816447,0.0
2025-11-09 16:05:41,1,True,False,31.01382699816447,0.0
2025-11-09 16:05:41,1,True,False,27.965906117459422,0.0
2025-11-09 16:05:41,1,True,False,29.73958284248037,0.0
2025-11-09 16:05:41,1,True,False,27.96293794759157,0.0
2025-11-09 16:05:41,1,True,False,26.735243967004067,0.0
2025-11-09 16:05:41,1,True,False,27.965906117459422,0.0
2025-11-09 16:05:42,1,True,False,27.969456334536076,0.0
2025-11-09 16:05:42,1,True,False,27.965906117459422,0.0
2025-11-09 16:05:42,1,True,False,29.73958284248037,0.0
2025-11-09 16:07:45,1,True,False,678.6198877900225,0.0
2025-11-09 16:07:45,1,True,False,678.8935550428632,0.0
2025-11-09 16:07:45,1,True,False,677.5229249484867,0.0
2025-11-09 16:07:46,1,True,False,677.5229249484867,0.0
2025-11-09 16:07:46,1,True,False,679.2656043076989,0.0
2025-11-09 16:07:46,1,True,False,707.8659760232073,0.0
2025-11-09 16:07:46,1,True,False,700.7064347686028,0.0
2025-11-09 16:07:46,1,True,False,700.5579562351967,0.0
2025-11-09 16:07:46,1,True,False,679.4047631884707,0.0
2025-11-09 16:07:46,1,True,False,672.390712944696,0.0
2025-11-09 16:07:46,1,True,False,670.1142531725415,0.0
2025-11-09 16:07:47,1,True,False,675.2454776046185,0.0
2025-11-09 16:07:47,1,True,False,670.1142531725415,0.0
2025-11-09 16:07:47,1,True,False,676.6159907114281,0.0
2025-11-09 16:07:47,1,True,False,678.8935550428632,0.0
2025-11-09 16:07:47,1,True,False,672.390712944696,0.0
2025-11-09 16:07:48,1,True,False,677.5229249484867,0.0
2025-11-09 16:07:48,1,True,False,678.8935550428632,0.0
2025-11-09 16:07:48,1,True,False,672.390712944696,0.0
2025-11-09 16:07:48,1,True,False,677.5229249484867,0.0
2025-11-09 16:07:48,1,True,False,678.6198877900225,0.0
2025-11-09 16:07:49,1,True,False,672.390712944696,0.0
2025-11-09 16:07:49,1,True,False,678.8935550428632,0.0
2025-11-09 16:07:49,1,True,False,672.390712944696,0.0
2025-11-09 16:07:49,1,True,False,678.8935550428632,0.0
2025-11-09 16:07:49,1,True,False,672.390712944696,0.0
2025-11-09 16:07:49,1,True,False,670.1142531725415,0.0
2025-11-09 16:07:50,1,True,False,678.8935550428632,0.0
2025-11-09 16:07:50,1,True,False,672.390712944696,0.0
2025-11-09 16:07:50,1,True,False,675.2454776046185,0.0
2025-11-09 16:07:50,1,True,False,672.390712944696,0.0
2025-11-09 16:07:51,1,True,False,677.5229249484867,0.0
2025-11-09 16:07:51,1,True,False,678.8935550428632,0.0
2025-11-09 16:07:51,1,True,False,672.390712944696,0.0
2025-11-09 16:07:51,1,True,False,670.3262015416715,0.0
2025-11-09 16:07:51,1,True,False,672.390712944696,0.0
2025-11-09 16:07:51,1,True,False,683.7589257317844,0.0
2025-11-09 16:07:51,1,True,False,672.390712944696,0.0
2025-11-09 16:07:51,1,True,False,678.8935550428632,0.0
2025-11-09 16:07:51,1,True,False,672.390712944696,0.0
2025-11-09 16:07:52,1,True,False,677.5229249484867,0.0
2025-11-09 16:07:52,1,True,False,672.390712944696,0.0
2025-11-09 16:07:52,1,True,False,670.1142531725415,0.0
2025-11-09 16:07:52,1,True,False,677.5229249484867,0.0
2025-11-09 16:07:52,1,True,False,678.8935550428632,0.0
2025-11-09 16:07:52,1,True,False,677.5229249484867,0.0
2025-11-09 16:07:53,1,True,False,672.390712944696,0.0
2025-11-09 16:07:53,1,True,False,678.8935550428632,0.0
2025-11-09 16:07:53,1,True,False,672.390712944696,0.0
2025-11-09 16:07:54,1,True,False,670.1142531725415,0.0
2025-11-09 16:07:54,1,True,False,678.8935550428632,0.0
2025-11-09 16:07:54,1,True,False,671.6958244447775,0.0
2025-11-09 16:07:54,1,True,False,672.390712944696,0.0
2025-11-09 16:07:54,1,True,False,678.8935550428632,0.0
2025-11-09 16:07:54,1,True,False,671.6958244447775,0.0
2025-11-09 16:07:55,1,True,False,672.390712944696,0.0
2025-11-09 16:07:55,1,True,False,670.1142531725415,0.0
2025-11-09 16:07:55,1,True,False,678.8935550428632,0.0
2025-11-09 16:07:55,1,True,False,676.6159907114281,0.0
2025-11-09 16:07:55,1,True,False,678.8935550428632,0.0
2025-11-09 16:07:55,1,True,False,672.390712944696,0.0
2025-11-09 16:07:55,1,True,False,678.8935550428632,0.0
2025-11-09 16:07:56,1,True,False,671.6958244447775,0.0
2025-11-09 16:07:56,1,True,False,677.5229249484867,0.0
2025-11-09 16:07:56,1,True,False,678.8935550428632,0.0
2025-11-09 16:07:56,1,True,False,671.6958244447775,0.0
2025-11-09 16:07:56,1,True,False,672.390712944696,0.0
2025-11-09 16:07:56,1,True,False,671.6958244447775,0.0
2025-11-09 16:07:56,1,True,False,678.8935550428632,0.0
2025-11-09 16:07:57,1,True,False,671.6958244447775,0.0
2025-11-09 16:07:57,1,True,False,678.8935550428632,0.0
2025-11-09 16:07:57,1,True,False,671.6958244447775,0.0
2025-11-09 16:07:57,1,True,False,678.8935550428632,0.0
2025-11-09 16:07:57,1,True,False,2.2038682944166763,0.0
2025-11-09 16:07:58,1,True,False,2.2038682944166763,0.0
2025-11-09 16:07:58,1,True,False,0.0,0.0
2025-11-09 16:07:58,1,True,False,7.786741722906612,0.0
2025-11-09 16:07:58,1,True,False,2.2038682944166763,0.0
2025-11-09 16:07:58,1,True,False,14.456196971372398,0.0
2025-11-09 16:07:58,1,True,False,7.786741722906612,0.0
2025-11-09 16:07:58,1,True,False,14.536227809586538,0.0
2025-11-09 16:07:59,1,True,False,6.875890350722368,0.0
2025-11-09 16:07:59,1,True,False,8.266059007827916,0.0
2025-11-09 16:07:59,1,True,False,14.536227809586538,0.0
2025-11-09 16:07:59,1,True,False,5.770687767156391,0.0
2025-11-09 16:07:59,1,True,False,7.786741722906612,0.0
2025-11-09 16:07:59,1,True,False,21.073209953775685,0.0
2025-11-09 16:07:59,1,True,False,7.734077431670797,0.0
2025-11-09 16:08:00,1,True,False,1.0541733905540682,0.0
2025-11-09 16:08:00,1,True,False,0.0,0.0
2025-11-09 16:08:00,1,True,False,7.786741722906612,0.0
2025-11-09 16:08:00,1,True,False,0.0,0.0
2025-11-09 16:08:00,1,True,False,7.786741722906612,0.0
2025-11-09 16:08:00,1,True,False,0.0,0.0
2025-11-09 16:08:00,1,True,False,7.786741722906612,0.0
2025-11-09 16:08:00,1,True,False,6.9368781877619785,0.0
2025-11-09 16:08:00,1,True,False,7.786741722906612,0.0
2025-11-09 16:08:01,1,True,False,7.786741722906612,0.0
2025-11-09 16:08:01,1,True,False,14.536227809586538,0.0
2025-11-09 16:08:01,1,True,False,14.456196971372398,0.0
2025-11-09 16:08:01,1,True,False,12.457208525266877,0.0
2025-11-09 16:08:01,1,True,False,0.0,0.0
2025-11-09 16:08:01,1,True,False,7.786741722906612,0.0
2025-11-09 16:08:01,1,True,False,0.0,0.0
2025-11-09 16:08:01,1,True,False,7.786741722906612,0.0
2025-11-09 16:08:02,1,True,False,7.786741722906612,0.0
2025-11-09 16:08:02,1,True,False,14.536227809586538,0.0
2025-11-09 16:08:02,1,True,False,7.786741722906612,0.0
2025-11-09 16:08:02,1,True,False,14.456196971372398,0.0
2025-11-09 16:08:02,1,True,False,7.786741722906612,0.0
2025-11-09 16:08:02,1,True,False,14.536227809586538,0.0
2025-11-09 16:08:02,1,True,False,2.2038682944166763,0.0
2025-11-09 16:08:03,1,True,False,7.786741722906612,0.0
2025-11-09 16:08:03,1,True,False,2.2038682944166763,0.0
2025-11-09 16:08:03,1,True,False,6.9368781877619785,0.0
2025-11-09 16:08:03,1,True,False,7.786741722906612,0.0
2025-11-09 16:08:03,1,True,False,2.2038682944166763,0.0
2025-11-09 16:08:03,1,True,False,6.9368781877619785,0.0
2025-11-09 16:08:03,1,True,False,6.443232331436933,0.0
2025-11-09 16:08:03,1,True,False,2.2038682944166763,0.0
2025-11-09 16:08:04,1,True,False,0.0,0.0
2025-11-09 16:08:04,1,True,False,7.786741722906612,0.0
2025-11-09 16:08:04,1,True,False,2.2038682944166763,0.0
2025-11-09 16:08:04,1,True,False,0.7151772797698829,0.0
2025-11-09 16:08:04,1,True,False,6.9368781877619785,0.0
2025-11-09 16:08:04,1,True,False,2.2038682944166763,0.0
2025-11-09 16:08:05,1,True,False,2.2038682944166763,0.0
2025-11-09 16:08:05,1,True,False,7.786741722906612,0.0
2025-11-09 16:08:05,1,True,False,0.0,0.0
2025-11-09 16:08:05,1,True,False,7.786741722906612,0.0
2025-11-09 16:08:06,1,True,False,7.786741722906612,0.0
2025-11-09 16:08:06,1,True,False,0.0,0.0
2025-11-09 16:08:06,1,True,False,7.786741722906612,0.0
2025-11-09 16:08:06,1,True,False,0.0,0.0
2025-11-09 16:08:06,1,True,False,2.2038682944166763,0.0
2025-11-09 16:08:06,1,True,False,12.457208525266877,0.0
2025-11-09 16:08:06,1,True,False,6.443232331436933,0.0
2025-11-09 16:08:07,1,True,False,6.9368781877619785,0.0
2025-11-09 16:08:07,1,True,False,2.2038682944166763,0.0
2025-11-09 16:08:07,1,True,False,8.266059007827916,0.0
2025-11-09 16:08:07,1,True,False,6.443232331436933,0.0
2025-11-09 16:08:07,1,True,False,7.786741722906612,0.0
2025-11-09 16:08:07,1,True,False,8.266059007827916,0.0
2025-11-09 16:08:07,1,True,False,7.786741722906612,0.0
2025-11-09 16:08:08,1,True,False,7.734077431670797,0.0
2025-11-09 16:08:08,1,True,False,2.2038682944166763,0.0
2025-11-09 16:08:08,1,True,False,7.786741722906612,0.0
2025-11-09 16:08:08,1,True,False,1.401085628487081,0.0
2025-11-09 16:08:08,1,True,False,2.2038682944166763,0.0
2025-11-09 16:08:08,1,True,False,13.59753236042634,0.0
2025-11-09 16:08:08,1,True,False,7.786741722906612,0.0
2025-11-09 16:08:08,1,True,False,2.2038682944166763,0.0
2025-11-09 16:08:09,1,True,False,2.2038682944166763,0.0
2025-11-09 16:08:09,1,True,False,7.786741722906612,0.0
2025-11-09 16:08:09,1,True,False,0.0,0.0
2025-11-09 16:08:10,1,True,False,7.466022385918957,0.0
2025-11-09 16:08:10,1,True,False,2.2038682944166763,0.0
2025-11-09 16:08:10,1,True,False,15.016926225702125,0.0
2025-11-09 16:08:10,1,True,False,2.2038682944166763,0.0
2025-11-09 16:08:10,1,True,False,6.8968000299553704,0.0
2025-11-09 16:08:10,1,True,False,0.0,0.0
2025-11-09 16:08:10,1,True,False,7.786741722906612,0.0
2025-11-09 16:08:10,1,True,False,2.2038682944166763,0.0
2025-11-09 16:08:10,1,True,False,7.786741722906612,0.0
2025-11-09 16:08:11,1,True,False,7.786741722906612,0.0
2025-11-09 16:08:11,1,True,False,6.443232331436933,0.0
2025-11-09 16:08:11,1,True,False,7.786741722906612,0.0
2025-11-09 16:08:11,1,True,False,0.0,0.0
2025-11-09 16:08:11,1,True,False,7.786741722906612,0.0
2025-11-09 16:08:11,1,True,False,0.0,0.0
2025-11-09 16:08:12,1,True,False,2.2038682944166763,0.0
2025-11-09 16:08:12,1,True,False,7.786741722906612,0.0
2025-11-09 16:08:12,1,True,False,6.443232331436933,0.0
2025-11-09 16:08:12,1,True,False,7.786741722906612,0.0
2025-11-09 16:08:12,1,True,False,0.0,0.0
2025-11-09 16:08:12,1,True,False,2.2038682944166763,0.0
2025-11-09 16:08:12,1,True,False,1.401085628487081,0.0
2025-11-09 16:08:12,1,True,False,2.7622206416525246,0.0
2025-11-09 16:08:12,1,True,False,6.419342660342999,0.0
2025-11-09 16:08:13,1,True,False,6.092721237746781,0.0
2025-11-09 16:08:13,1,True,False,6.947209494391156,0.0
2025-11-09 16:08:13,1,True,False,12.605195849015992,0.0
2025-11-09 16:08:13,1,True,False,7.407699029079269,0.0
2025-11-09 16:08:13,1,True,False,11.221115463209303,0.0
2025-11-09 16:08:13,1,True,False,6.524453838060671,0.0
2025-11-09 16:08:13,1,True,False,8.52164429129871,0.0
2025-11-09 16:08:13,1,True,False,4.7013329915969795,0.0
2025-11-09 16:08:14,1,True,False,2.3783597719138343,0.0
2025-11-09 16:08:14,1,True,False,5.010628504168303,0.0
2025-11-09 16:08:14,1,True,False,2.1262197060897288,0.0
2025-11-09 16:08:14,1,True,False,6.939181157230612,0.0
2025-11-09 16:08:14,1,True,False,8.765692250122072,0.0
2025-11-09 16:08:14,1,True,False,8.141092310426275,0.0
2025-11-09 16:08:14,1,True,False,12.057758851007218,0.0
2025-11-09 16:08:14,1,True,False,21.342856937642473,0.0
2025-11-09 16:08:15,1,True,False,24.08265092941288,0.0
2025-11-09 16:08:15,1,True,False,26.53901228460928,0.0
2025-11-09 16:08:15,1,True,False,9.716999113482444,0.0
2025-11-09 16:08:15,1,True,False,17.440920687835646,0.0
2025-11-09 16:08:15,1,True,False,24.011086575456023,0.0
2025-11-09 16:08:15,1,True,False,39.07262632085209,0.0
2025-11-09 16:08:15,1,True,False,45.84047885735932,0.0
2025-11-09 16:08:16,1,True,False,50.309874287424094,0.0
2025-11-09 16:08:16,1,True,False,5.339427112197705,0.0
2025-11-09 16:08:16,1,True,False,7.497164062314625,0.0
2025-11-09 16:08:16,1,True,False,3.083467993378311,0.0
2025-11-09 16:08:17,1,True,False,20.05837314894976,0.0
2025-11-09 16:08:17,1,True,False,35.08648947139556,0.0
2025-11-09 16:08:17,1,True,False,44.38499474064917,0.0
2025-11-09 16:08:17,1,True,False,46.03560883572262,0.0
2025-11-09 16:08:17,1,True,False,47.70380649321089,0.0
2025-11-09 16:08:17,1,True,False,46.03560883572262,0.0
2025-11-09 16:08:17,1,True,False,44.61013736279965,0.0
2025-11-09 16:08:18,1,True,False,7.182937697067358,0.0
2025-11-09 16:08:18,1,True,False,12.587675886436383,0.0
2025-11-09 16:08:18,1,True,False,8.599437994459487,0.0
2025-11-09 16:08:18,1,True,False,30.22771793462813,0.0
2025-11-09 16:08:18,1,True,False,39.19041710363032,0.0
2025-11-09 16:08:18,1,True,False,41.71260004457782,0.0
2025-11-09 16:08:18,1,True,False,41.131026630435045,0.0
2025-11-09 16:08:18,1,True,False,41.65949800107045,0.0
2025-11-09 16:08:19,1,True,False,16.539986315247017,0.0
2025-11-09 16:08:19,1,True,False,12.441713418166222,0.0
2025-11-09 16:08:19,1,True,False,13.440285774809004,0.0
2025-11-09 16:08:19,1,True,False,16.834700149596788,0.0
2025-11-09 16:08:19,1,True,False,24.2796947580623,0.0
2025-11-09 16:08:19,1,True,False,29.445021311431965,0.0
2025-11-09 16:08:20,1,True,False,5.122854691550647,0.0
2025-11-09 16:08:20,1,True,False,28.460334275801863,0.0
2025-11-09 16:08:20,1,True,False,38.06946564829862,0.0
2025-11-09 16:08:20,1,True,False,39.77458894920464,0.0
2025-11-09 16:08:20,1,True,False,39.51402678408138,0.0
2025-11-09 16:08:21,1,True,False,39.32946340775821,0.0
2025-11-09 16:08:21,1,True,False,40.37216147701646,0.0
2025-11-09 16:08:21,1,True,False,15.94521784779923,0.0
2025-11-09 16:08:21,1,True,False,25.674164438542604,0.0
2025-11-09 16:08:21,1,True,False,11.778331368979453,0.0
2025-11-09 16:08:21,1,True,False,37.27830784407016,0.0
2025-11-09 16:08:21,1,True,False,12.966434882872097,0.0
2025-11-09 16:08:21,1,True,False,24.325575594600913,0.0
2025-11-09 16:08:22,1,True,False,9.663512905006451,0.0
2025-11-09 16:08:22,1,True,False,44.70864472501733,0.0
2025-11-09 16:08:22,1,True,False,23.036351995450225,0.0
2025-11-09 16:08:22,1,True,False,18.664665190811963,0.0
2025-11-09 16:08:22,1,True,False,7.959512132718754,0.0
2025-11-09 16:08:22,1,True,False,30.945271613730473,0.0
2025-11-09 16:08:22,1,True,False,10.22054895932381,0.0
2025-11-09 16:08:22,1,True,False,22.29409987806712,0.0
2025-11-09 16:08:23,1,True,False,15.074122997871227,0.0
2025-11-09 16:08:23,1,True,False,35.734512322375295,0.0
2025-11-09 16:08:23,1,True,False,36.51373760583867,0.0
2025-11-09 16:08:23,1,True,False,37.47866533338649,0.0
2025-11-09 16:08:23,1,True,False,36.723137154179845,0.0
2025-11-09 16:08:23,1,True,False,37.47866533338649,0.0
2025-11-09 16:08:23,1,True,False,36.598197806337545,0.0
2025-11-09 16:08:24,1,True,False,37.25998831292024,0.0
2025-11-09 16:08:24,1,True,False,35.7581141988716,0.0
2025-11-09 16:08:24,1,True,False,37.47866533338649,0.0
2025-11-09 16:08:24,1,True,False,36.723137154179845,0.0
2025-11-09 16:08:24,1,True,False,36.244747385904255,0.0
2025-11-09 16:08:25,1,True,False,36.244747385904255,0.0
2025-11-09 16:08:25,1,True,False,36.598197806337545,0.0
2025-11-09 16:08:25,1,True,False,36.244747385904255,0.0
2025-11-09 16:08:25,1,True,False,36.723137154179845,0.0
2025-11-09 16:08:25,1,True,False,37.47866533338649,0.0
2025-11-09 16:08:25,1,True,False,36.52118317145929,0.0
2025-11-09 16:08:25,1,True,False,37.25998831292024,0.0
2025-11-09 16:08:25,1,True,False,34.95164372644585,0.0
2025-11-09 16:08:25,1,True,False,36.884764996014326,0.0
2025-11-09 16:08:26,1,True,False,35.772267997877364,0.0
2025-11-09 16:08:26,1,True,False,36.244747385904255,0.0
2025-11-09 16:08:26,1,True,False,35.7581141988716,0.0
2025-11-09 16:08:26,1,True,False,36.723137154179845,0.0
2025-11-09 16:08:26,1,True,False,37.47866533338649,0.0
2025-11-09 16:08:26,1,True,False,36.884764996014326,0.0
2025-11-09 16:08:26,1,True,False,37.25998831292024,0.0
2025-11-09 16:08:26,1,True,False,35.91892306489613,0.0
2025-11-09 16:08:26,1,True,False,36.15239546893844,0.0
2025-11-09 16:08:27,1,True,False,34.7896489631711,0.0
2025-11-09 16:08:27,1,True,False,36.15239546893844,0.0
2025-11-09 16:08:27,1,True,False,36.30966183850885,0.0
2025-11-09 16:08:27,1,True,False,36.15239546893844,0.0
2025-11-09 16:08:27,1,True,False,36.30966183850885,0.0
2025-11-09 16:08:27,1,True,False,38.41458384028516,0.0
2025-11-09 16:08:27,1,True,False,34.7896489631711,0.0
2025-11-09 16:08:27,1,True,False,36.30966183850885,0.0
2025-11-09 16:08:28,1,True,False,34.758396068133024,0.0
2025-11-09 16:08:28,1,True,False,36.30966183850885,0.0
2025-11-09 16:08:28,1,True,False,36.15239546893844,0.0
2025-11-09 16:08:28,1,True,False,35.857359134774356,0.0
2025-11-09 16:08:28,1,True,False,36.15239546893844,0.0
2025-11-09 16:08:28,1,True,False,38.7485245861035,0.0
2025-11-09 16:08:29,1,True,False,35.857359134774356,0.0
2025-11-09 16:08:29,1,True,False,34.394395241151784,0.0
2025-11-09 16:08:29,1,True,False,36.06621283378749,0.0
2025-11-09 16:08:29,1,True,False,35.857359134774356,0.0
2025-11-09 16:08:29,1,True,False,34.7896489631711,0.0
2025-11-09 16:08:29,1,True,False,36.30966183850885,0.0
2025-11-09 16:08:29,1,True,False,35.975580535397484,0.0
2025-11-09 16:08:30,1,True,False,36.30966183850885,0.0
2025-11-09 16:08:30,1,True,False,34.7896489631711,0.0
2025-11-09 16:08:30,1,True,False,36.023321543438804,0.0
2025-11-09 16:08:30,1,True,False,36.30966183850885,0.0
2025-11-09 16:08:30,1,True,False,36.15239546893844,0.0
2025-11-09 16:08:31,1,True,False,36.230248644540424,0.0
2025-11-09 16:08:31,1,True,False,35.1390420694053,0.0
2025-11-09 16:08:31,1,True,False,36.15239546893844,0.0
2025-11-09 16:08:31,1,True,False,35.68222348008609,0.0
2025-11-09 16:08:31,1,True,False,36.56943955605296,0.0
2025-11-09 16:08:31,1,True,False,36.15239546893844,0.0
2025-11-09 16:08:31,1,True,False,34.394395241151784,0.0
2025-11-09 16:08:32,1,True,False,37.67643886334771,0.0
2025-11-09 16:08:32,1,True,False,36.097051590271526,0.0
2025-11-09 16:08:32,1,True,False,36.08201346008892,0.0
2025-11-09 16:08:32,1,True,False,36.15239546893844,0.0
2025-11-09 16:08:32,1,True,False,36.30966183850885,0.0
2025-11-09 16:08:32,1,True,False,35.577519593976476,0.0
2025-11-09 16:08:32,1,True,False,38.44051930847087,0.0
2025-11-09 16:08:33,1,True,False,36.047379497276005,0.0
2025-11-09 16:08:33,1,True,False,36.30966183850885,0.0
2025-11-09 16:08:33,1,True,False,36.016743785427735,0.0
2025-11-09 16:08:33,1,True,False,36.15239546893844,0.0
2025-11-09 16:08:33,1,True,False,36.5132559438814,0.0
2025-11-09 16:08:33,1,True,False,36.30966183850885,0.0
2025-11-09 16:08:33,1,True,False,36.3765330351735,0.0
2025-11-09 16:08:33,1,True,False,36.17962571562993,0.0
2025-11-09 16:08:34,1,True,False,34.75625672440482,0.0
2025-11-09 16:08:34,1,True,False,35.68222348008609,0.0
2025-11-09 16:08:34,1,True,False,34.77465801656101,0.0
2025-11-09 16:08:34,1,True,False,36.24232234731831,0.0
2025-11-09 16:08:34,1,True,False,36.30966183850885,0.0
2025-11-09 16:08:34,1,True,False,36.148546754186846,0.0
2025-11-09 16:08:34,1,True,False,35.9818248177953,0.0
2025-11-09 16:08:35,1,True,False,34.75625672440482,0.0
2025-11-09 16:08:35,1,True,False,36.08240042177863,0.0
2025-11-09 16:08:35,1,True,False,36.56943955605296,0.0
2025-11-09 16:08:35,1,True,False,36.08240042177863,0.0
2025-11-09 16:08:35,1,True,False,36.08201346008892,0.0
2025-11-09 16:08:36,1,True,False,36.08201346008892,0.0
2025-11-09 16:08:36,1,True,False,35.857359134774356,0.0
2025-11-09 16:08:36,1,True,False,36.08201346008892,0.0
2025-11-09 16:08:36,1,True,False,36.08240042177863,0.0
2025-11-09 16:08:36,1,True,False,34.758396068133024,0.0
2025-11-09 16:08:36,1,True,False,36.08201346008892,0.0
2025-11-09 16:08:36,1,True,False,36.30966183850885,0.0
2025-11-09 16:08:36,1,True,False,35.857359134774356,0.0
2025-11-09 16:08:37,1,True,False,34.65980324028233,0.0
2025-11-09 16:08:37,1,True,False,36.148546754186846,0.0
2025-11-09 16:08:37,1,True,False,36.046551217578966,0.0
2025-11-09 16:08:37,1,True,False,35.68222348008609,0.0
2025-11-09 16:08:37,1,True,False,36.3765330351735,0.0
2025-11-09 16:08:37,1,True,False,38.562321428161525,0.0
2025-11-09 16:08:37,1,True,False,34.7896489631711,0.0
2025-11-09 16:08:38,1,True,False,35.86549001776106,0.0
2025-11-09 16:08:38,1,True,False,36.14065803196233,0.0
2025-11-09 16:08:38,1,True,False,35.86549001776106,0.0
2025-11-09 16:08:38,1,True,False,36.3765330351735,0.0
2025-11-09 16:08:38,1,True,False,35.857359134774356,0.0
2025-11-09 16:08:38,1,True,False,37.77826169734479,0.0
2025-11-09 16:08:39,1,True,False,35.857359134774356,0.0
2025-11-09 16:08:39,1,True,False,35.42450517084925,0.0
2025-11-09 16:08:39,1,True,False,35.61682059150869,0.0
2025-11-09 16:08:39,1,True,False,35.68222348008609,0.0
2025-11-09 16:08:39,1,True,False,35.204614575284275,0.0
2025-11-09 16:08:39,1,True,False,36.30966183850885,0.0
2025-11-09 16:08:39,1,True,False,35.577519593976476,0.0
2025-11-09 16:08:40,1,True,False,36.08240042177863,0.0
2025-11-09 16:08:40,1,True,False,35.1390420694053,0.0
2025-11-09 16:08:40,1,True,False,36.29917422446436,0.0
2025-11-09 16:08:40,1,True,False,36.046551217578966,0.0
2025-11-09 16:08:40,1,True,False,36.186565275555694,0.0
2025-11-09 16:08:40,1,True,False,36.15239546893844,0.0
2025-11-09 16:08:40,1,True,False,36.54600199818116,0.0
2025-11-09 16:08:41,1,True,False,36.148546754186846,0.0
2025-11-09 16:08:41,1,True,False,36.15239546893844,0.0
2025-11-09 16:08:41,1,True,False,34.65980324028233,0.0
2025-11-09 16:08:41,1,True,False,38.41458384028516,0.0
2025-11-09 16:08:41,1,True,False,36.30966183850885,0.0
2025-11-09 16:08:41,1,True,False,38.562321428161525,0.0
2025-11-09 16:08:41,1,True,False,36.08201346008892,0.0
2025-11-09 16:08:41,1,True,False,36.30966183850885,0.0
2025-11-09 16:08:41,1,True,False,34.7896489631711,0.0
2025-11-09 16:08:42,1,True,False,36.30966183850885,0.0
2025-11-09 16:08:42,1,True,False,36.15239546893844,0.0
2025-11-09 16:08:42,1,True,False,36.30966183850885,0.0
2025-11-09 16:08:42,1,True,False,35.68222348008609,0.0
2025-11-09 16:08:42,1,True,False,35.94854808220814,0.0
2025-11-09 16:08:42,1,True,False,36.148546754186846,0.0
2025-11-09 16:08:42,1,True,False,36.41437434262345,0.0
2025-11-09 16:08:42,1,True,False,35.68222348008609,0.0
2025-11-09 16:08:43,1,True,False,36.148546754186846,0.0
2025-11-09 16:08:43,1,True,False,36.15239546893844,0.0
2025-11-09 16:08:43,1,True,False,36.08240042177863,0.0
2025-11-09 16:08:43,1,True,False,36.15239546893844,0.0
2025-11-09 16:08:43,1,True,False,36.30966183850885,0.0
2025-11-09 16:08:43,1,True,False,35.68222348008609,0.0
2025-11-09 16:08:43,1,True,False,35.89672068165921,0.0
2025-11-09 16:08:43,1,True,False,34.373951359524646,0.0
2025-11-09 16:08:44,1,True,False,35.86549001776106,0.0
2025-11-09 16:08:44,1,True,False,38.728469944791264,0.0
2025-11-09 16:08:44,1,True,False,36.30966183850885,0.0
2025-11-09 16:08:44,1,True,False,36.148546754186846,0.0
2025-11-09 16:08:44,1,True,False,36.5132559438814,0.0
2025-11-09 16:08:44,1,True,False,35.68222348008609,0.0
2025-11-09 16:08:44,1,True,False,36.15239546893844,0.0
2025-11-09 16:08:44,1,True,False,36.49561847453645,0.0
